game_date,home_team,away_team,logreg_home_win_proba,rf_home_win_proba,xgb_home_win_proba,dl_home_win_proba,ensemble_home_win_proba,predicted_winner
2026-08-27,ATL,LAN,0.44426945800500334,0.4744861125369682,0.4585742,0.4550025,0.4580830657211824,LAN
2026-08-27,NYA,HOU,0.6055848552950938,0.5679818345730033,0.57540053,0.5940923,0.5857648826587509,NYA
2026-08-27,NYN,MIL,0.5280204607631771,0.5202506066438007,0.5447562,0.5336306,0.5316644627517079,NYN
2026-08-27,SFN,ARI,0.5390892295448064,0.5327820127134242,0.57741886,0.557539,0.5517072730594078,SFN
2026-08-27,SLN,BAL,0.5655045719366953,0.5421331268728264,0.5470823,0.5497807,0.5511251825492127,SLN
2026-08-27,TOR,KCA,0.5295694391792976,0.5314503830450948,0.49756703,0.54717433,0.5264402961394226,TOR
2026-08-27,WAS,COL,0.6213201316239548,0.5899568549840868,0.59223676,0.6268004,0.6075785404466424,WAS
2026-08-28,WAS,MIA,0.4420748728647338,0.45809817540014136,0.4043894,0.44424453,0.43720174831328146,MIA
2026-08-28,TOR,SEA,0.5098610504637529,0.5332240879152326,0.52078414,0.48947725,0.5133366312529761,TOR
2026-08-28,TBA,SDN,0.5062498140432835,0.5125433531139089,0.5053023,0.51686513,0.5102401528465796,TBA
2026-08-28,SLN,PIT,0.5206330758098054,0.5478251529053557,0.58483696,0.54541194,0.5496767832358429,SLN
2026-08-28,SFN,ARI,0.5377614866487924,0.532798005131418,0.57470316,0.5554998,0.5501906102068248,SFN
2026-08-28,NYN,HOU,0.5714969482325403,0.5502387594367375,0.54865265,0.5798862,0.5625686386597206,NYN
2026-08-28,NYA,BOS,0.5630399131550388,0.556346460613037,0.5944691,0.54663527,0.5651226785803398,NYA
2026-08-28,MIN,CHA,0.5688946277474987,0.5518131316879351,0.553163,0.6034586,0.5693323336977409,MIN
2026-08-28,MIL,TEX,0.5572689773578442,0.5792070389771399,0.56857324,0.565831,0.5677200645934277,MIL
2026-08-28,LAA,PHI,0.35725479176567626,0.35459817514068753,0.34610382,0.3623396,0.3550740925375956,PHI
2026-08-28,DET,LAN,0.5074368161577393,0.5208191115650805,0.5426824,0.54413855,0.5287692219419202,DET
2026-08-28,CLE,KCA,0.4740704201429272,0.49297817949515915,0.46771047,0.49895784,0.4834292268548265,KCA
2026-08-28,CHN,CIN,0.6022716561197011,0.5848431267893994,0.58785933,0.60757416,0.5956370700844986,CHN
2026-08-28,ATL,COL,0.735982303238583,0.6508420379837656,0.59624815,0.74532074,0.6820983071140208,ATL
2026-08-28,ATH,BAL,0.6091637126173859,0.5877804970078578,0.65068674,0.62887204,0.6191257468585967,ATH
2026-08-29,WAS,MIA,0.45020191172128743,0.4594890307714119,0.40718898,0.4675426,0.44610562824373834,MIA
2026-08-29,TOR,SEA,0.5178605410532283,0.5329214605855213,0.5250762,0.5275367,0.5258487255931743,TOR
2026-08-29,TBA,SDN,0.5020920102907602,0.5112421976015022,0.50621647,0.4956991,0.5038124454915135,TBA
2026-08-29,SLN,PIT,0.528835414074398,0.549766745233632,0.5789157,0.5460721,0.5508974999901239,SLN
2026-08-29,SFN,ARI,0.5284884114773301,0.5312726854881248,0.5630639,0.54987633,0.5431753371981737,SFN
2026-08-29,SFN,ARI,0.5361010567029053,0.53131724890114,0.5691387,0.55196357,0.547130144767062,SFN
2026-08-29,NYN,HOU,0.5703273214399285,0.5496034469417903,0.54821754,0.583238,0.5628465772596906,NYN
2026-08-29,NYA,BOS,0.5631962084193847,0.5533937895503199,0.5801849,0.5429542,0.559932270338793,NYA
2026-08-29,MIN,CHA,0.5625394769414002,0.5514115786839713,0.54010063,0.57501715,0.5572672109850477,MIN
2026-08-29,MIL,TEX,0.5624211628818608,0.5783483526878747,0.57909644,0.5731893,0.5732638175625923,MIL
2026-08-29,LAA,PHI,0.35312096503826035,0.3557502224492398,0.34236327,0.35671008,0.35198613298914266,PHI
2026-08-29,DET,LAN,0.4934688868361396,0.5192432662852801,0.55132663,0.5259686,0.5225018492153753,DET
2026-08-29,CLE,KCA,0.4627824048144039,0.49099525401088934,0.4476346,0.459502,0.4652285694790818,KCA
2026-08-29,CHN,CIN,0.5990537447056694,0.5832196427284828,0.5760551,0.58202654,0.585088759542025,CHN
2026-08-29,ATL,COL,0.735535011094232,0.6499147719556232,0.59768057,0.7454726,0.6821507404354298,ATL
2026-08-29,ATH,BAL,0.5965149191830617,0.5837080526897087,0.62464803,0.605913,0.6026959974657207,ATH
2026-08-29,NYA,BOS,0.5676538841935556,0.5515923756954734,0.5811295,0.5492284,0.5624010452531334,NYA
2026-08-30,LAA,PHI,0.353586173125776,0.35686192909014747,0.35171434,0.35773465,0.3549742738554869,PHI
2026-08-30,WAS,MIA,0.448548739382335,0.45700193142573425,0.40422952,0.46725467,0.44425871525841765,MIA
2026-08-30,TOR,SEA,0.5159237830313275,0.5332398850694682,0.52591115,0.53225875,0.5268333923679495,TOR
2026-08-30,TBA,SDN,0.5004555707251304,0.5114755147620829,0.5028527,0.49530005,0.5025209545840836,TBA
2026-08-30,SLN,PIT,0.5271703579121793,0.5399628771660933,0.5519538,0.54885066,0.5419844208015048,SLN
2026-08-30,NYN,HOU,0.5688223627651959,0.5503686748466396,0.55038065,0.58866876,0.5645601121079608,NYN
2026-08-30,NYA,BOS,0.5690460359585614,0.5529316651890206,0.5768865,0.5506199,0.5623710191150968,NYA
2026-08-30,CLE,KCA,0.4632018415510031,0.49099525401088934,0.4476346,0.4606935,0.4656313028754966,KCA
2026-08-30,MIL,TEX,0.5636881051973291,0.5792440143756893,0.5773661,0.5760158,0.5740785009177678,MIL
2026-08-30,DET,LAN,0.49414683553206024,0.5181067185749442,0.57892704,0.52685636,0.5295092392566934,DET
2026-08-30,CHN,CIN,0.5978745940289937,0.5840000860516946,0.5827162,0.57622343,0.5852035849190445,CHN
2026-08-30,ATL,COL,0.7349592085551484,0.6500756408348285,0.6003054,0.7456678,0.6827520107588636,ATL
2026-08-30,ATH,BAL,0.5948897360529994,0.5833847743686034,0.6215014,0.5988599,0.599658950695954,ATH
2026-08-30,MIN,CHA,0.5606345788623447,0.5559020082800317,0.5437713,0.5713291,0.5579092576263915,MIN
2026-08-31,MIN,DET,0.4561801067828916,0.4487518929770987,0.40507582,0.46749246,0.44437506981619157,DET
2026-08-31,TBA,NYN,0.4802724310370305,0.5048312211330754,0.48362973,0.48979893,0.48963307969043757,NYN
2026-08-31,LAA,NYA,0.3508021434281678,0.3702422763484875,0.3288714,0.37020323,0.3550297614363971,NYA
2026-08-31,WAS,MIA,0.4468054238417998,0.4548884285834334,0.40588048,0.4643567,0.4429827560187915,MIA
2026-08-31,TEX,ATH,0.5799079079973185,0.6063065056108383,0.592397,0.57487154,0.5883707320603339,TEX
2026-08-31,HOU,CHA,0.6383100587547285,0.6224026426957985,0.6686421,0.6354792,0.6412085042324513,HOU
2026-08-31,BOS,SEA,0.528220067961027,0.5419822241972776,0.5592484,0.51492006,0.5360926839595286,BOS
2026-08-31,CIN,SDN,0.5090542589483442,0.49108858180791076,0.50098795,0.50882953,0.5024900804493024,CIN
2026-08-31,CHN,MIL,0.5423875915895594,0.5522146362350778,0.5306673,0.56298673,0.5470640660866373,CHN
2026-08-31,ATL,SFN,0.5025864424541255,0.5282377345392183,0.46382567,0.5389283,0.5083945300495559,ATL
2026-08-31,ARI,PHI,0.46656370411458636,0.46897785189652214,0.49624905,0.51010853,0.4854747841086159,PHI
2026-08-31,COL,BAL,0.3797577440154535,0.4413231644036033,0.39073658,0.40016317,0.40299516549740333,BAL
2026-09-01,WAS,ATL,0.4073251618674669,0.4149305858845488,0.38265866,0.39709267,0.4005017695915264,ATL
2026-09-01,TEX,ATH,0.5773761753834865,0.6048957157935659,0.57938594,0.5716714,0.5833323134333774,TEX
2026-09-01,TBA,NYN,0.48298600396086944,0.5058669948565956,0.47989297,0.49193147,0.4901693590493255,NYN
2026-09-01,PIT,SFN,0.5036338276427673,0.5036251707283027,0.47569084,0.50576496,0.4971787003221376,SFN
2026-09-01,MIN,DET,0.45529702009066714,0.4484672237814317,0.40507582,0.46666867,0.4438771818953585,DET
2026-09-01,LAN,SLN,0.6615018768920805,0.627102615466907,0.6258395,0.6748326,0.6473191366624398,LAN
2026-09-01,KCA,MIA,0.6424269244866272,0.5863525788512821,0.6142153,0.6173777,0.6150931290369157,KCA
2026-09-01,LAA,NYA,0.3528668443219034,0.37318301578204705,0.30984113,0.375112,0.3527507458587551,NYA
2026-09-01,COL,BAL,0.3767124676535905,0.44109760545980825,0.41444,0.3904131,0.4056657961547268,BAL
2026-09-01,CLE,TOR,0.4735263727432108,0.4984585241280434,0.43388435,0.49600357,0.47546820437232784,TOR
2026-09-01,CIN,SDN,0.5067424961120448,0.4911938214820347,0.4743383,0.510408,0.4956706487315964,SDN
2026-09-01,CHN,MIL,0.5441855110799911,0.5530689599995058,0.5596096,0.5617069,0.5546427409092556,CHN
2026-09-01,BOS,SEA,0.5257221610800991,0.5415639196879752,0.5615027,0.5142286,0.5357543395584736,BOS
2026-09-01,ARI,PHI,0.4557843749063329,0.46838400417252385,0.49996734,0.47146565,0.4739003407385328,PHI
2026-09-01,HOU,CHA,0.6362139437740599,0.6192456352425676,0.65817803,0.6361441,0.6374454280202244,HOU
2026-09-02,WAS,ATL,0.40375578722132716,0.41611561118606827,0.38600606,0.38474151,0.39765474264775114,ATL
2026-09-02,TEX,ATH,0.5738249380145731,0.5992249956817828,0.56900203,0.57509357,0.5792863833369232,TEX
2026-09-02,TBA,NYN,0.4806802129090904,0.5056707449887426,0.48357263,0.48950294,0.489856631643457,NYN
2026-09-02,PIT,SFN,0.48896248977578194,0.505360259882979,0.48514503,0.49650037,0.49399203873781794,SFN
2026-09-02,MIN,DET,0.4545336632091568,0.4484672237814317,0.40507582,0.4660573,0.4435335014646157,DET
2026-09-02,LAN,SLN,0.6605415128256363,0.619424423446348,0.5957818,0.6577191,0.6333667037707167,LAN
2026-09-02,LAA,NYA,0.3490712385035023,0.37240565265184683,0.32165843,0.36636126,0.3523741460132864,NYA
2026-09-02,COL,BAL,0.3781333834200738,0.4457563343175276,0.4153417,0.39463547,0.40846672288570957,BAL
2026-09-02,HOU,CHA,0.6374542309805273,0.6168196104936157,0.6451621,0.63623524,0.633917796039007,HOU
2026-09-02,CLE,TOR,0.4709237151112984,0.4974386181957565,0.4148374,0.49051487,0.46842864948744256,TOR
2026-09-02,CIN,SDN,0.5085989337361141,0.49121968256139004,0.50269973,0.5072576,0.5024439824587754,CIN
2026-09-02,CHN,MIL,0.5468689731293414,0.5538770253330888,0.5609969,0.563047,0.556197470088897,CHN
2026-09-02,BOS,SEA,0.5272966561646044,0.541956336442847,0.5604238,0.51876765,0.5371111097279432,BOS
2026-09-02,ARI,PHI,0.4578244383703388,0.4721191316350946,0.51519245,0.4786709,0.4809517285494846,PHI
2026-09-02,KCA,MIA,0.6329262186994037,0.5875374504065964,0.6184778,0.6276086,0.6166375219336732,KCA
2026-09-03,TEX,TBA,0.563281190365337,0.5434573774504465,0.6084441,0.54970205,0.5662211776938446,TEX
2026-09-03,SEA,ATH,0.5999950420710856,0.6076602481184117,0.5994011,0.6079095,0.6037414767898899,SEA
2026-09-03,PIT,SFN,0.4848790007194069,0.5022478071312577,0.48023254,0.49796483,0.4913310434624716,SFN
2026-09-03,LAN,SLN,0.6603278049146408,0.6228737668839459,0.6156281,0.65593064,0.6386900833488166,LAN
2026-09-03,KCA,MIA,0.6351796508036296,0.5879659107719766,0.6189269,0.63049996,0.6181431008278615,KCA
2026-09-03,CLE,TOR,0.4683860231568981,0.4971762258524194,0.42770773,0.48636073,0.46990767736844874,TOR
2026-09-03,CHN,MIL,0.5513090956106792,0.5520074740110917,0.55489767,0.5652961,0.5558775872725769,CHN
2026-09-03,BAL,BOS,0.40786071005549035,0.4476343722445809,0.47761455,0.4564066,0.4473790568513583,BOS
2026-09-03,HOU,CHA,0.6340992576604138,0.6160004080411903,0.65166175,0.63702214,0.6346958892494977,HOU
2026-09-04,MIA,CHN,0.4090460978900717,0.4098602907331228,0.40400505,0.42805433,0.4127414430038821,CHN
2026-09-04,TEX,TBA,0.5649783091306056,0.5468180087391338,0.6244124,0.54243356,0.5696605737940263,TEX
2026-09-04,SEA,ATH,0.6024114373252787,0.6071702091416846,0.6063213,0.6070449,0.6057369493307454,SEA
2026-09-04,SDN,NYA,0.4875548510867694,0.5098899303387625,0.47575262,0.536198,0.5023488558240077,SDN
2026-09-04,PIT,LAA,0.601839800063722,0.6004671137441396,0.61002,0.62975687,0.6105209408886414,PIT
2026-09-04,PHI,ATL,0.632465491274795,0.6120616654632713,0.61392707,0.6510937,0.6273869861134945,PHI
2026-09-04,NYN,SFN,0.592811501675796,0.5795778519052687,0.57221174,0.5905737,0.583793706016688,NYN
2026-09-04,LAN,WAS,0.7374721709718975,0.7266740976766396,0.76826495,0.7589613,0.7478431344734212,LAN
2026-09-04,CLE,DET,0.47783698122767365,0.492579812205733,0.4292676,0.47506282,0.4686867990115232,DET
2026-09-04,HOU,ARI,0.5450590154204797,0.5487552655256165,0.58290726,0.5687164,0.5613594868081412,HOU
2026-09-04,COL,SLN,0.38082938246155845,0.4390852773117238,0.39364848,0.44671285,0.41506899667654734,SLN
2026-09-04,KCA,TOR,0.5342848015905821,0.5253181013075785,0.5203456,0.541989,0.5304843899033884,KCA
2026-09-04,CLE,DET,0.47837488699715214,0.49030613765238534,0.42389366,0.4833749,0.4689873946554454,DET
2026-09-04,CIN,MIL,0.49826832212463623,0.4875090144601909,0.5023366,0.53044546,0.5046398535935335,CIN
2026-09-04,CHA,MIN,0.5136119328015225,0.5121035516902155,0.49354938,0.5085233,0.5069470366517088,CHA
2026-09-04,BAL,BOS,0.41273772886177224,0.4467391069034407,0.49171266,0.4626341,0.45345589549287413,BOS
2026-09-05,TEX,TBA,0.5683679436778036,0.54856663424121,0.6405044,0.5491201,0.5766397814693469,TEX
2026-09-05,SEA,ATH,0.593866749624773,0.6032464909094063,0.59403425,0.61352545,0.6011682363286894,SEA
2026-09-05,SDN,NYA,0.46930068941195746,0.5102142060679119,0.47015896,0.4946896,0.48609086836402404,NYA
2026-09-05,PIT,LAA,0.6086618414936554,0.5975599405228212,0.5976385,0.596425,0.6000713166713021,PIT
2026-09-05,PHI,ATL,0.627285485902196,0.6145920058870045,0.62605274,0.6552631,0.6307983387304194,PHI
2026-09-05,NYN,SFN,0.5940016935377254,0.5757387827586242,0.56284845,0.60308725,0.5839190428669264,NYN
2026-09-05,MIA,CHN,0.41766630060651616,0.4115937312670319,0.39417565,0.4515618,0.4187493722872347,CHN
2026-09-05,LAN,WAS,0.7484987435619179,0.7243928748501741,0.7673027,0.7506575,0.7477129522962755,LAN
2026-09-05,KCA,TOR,0.5296616258245561,0.5266138768561096,0.5206667,0.5433711,0.5300783256289677,KCA
2026-09-05,HOU,ARI,0.5421413613790936,0.5496089817645563,0.5411355,0.55542755,0.5470783460884561,HOU
2026-09-05,COL,SLN,0.370411979019027,0.44075465535476827,0.41078848,0.39398462,0.4039849316609232,SLN
2026-09-05,CLE,DET,0.47874792766796165,0.4944361746948787,0.47385052,0.4847513,0.48294648368816795,DET
2026-09-05,CIN,MIL,0.47385608979101546,0.4817482256004116,0.46863165,0.47365618,0.4744730369724944,MIL
2026-09-05,CHA,MIN,0.5190190959348464,0.5109261364239498,0.46464676,0.51340294,0.5019987319626468,CHA
2026-09-05,BAL,BOS,0.4251376594081118,0.44442691820671504,0.41901606,0.46783808,0.43910467989135854,BOS
2026-09-06,TEX,TBA,0.5558297011860244,0.5473893403301779,0.61033756,0.5412988,0.563713850898002,TEX
2026-09-06,SEA,ATH,0.5927170393367893,0.6026774886294403,0.60280186,0.615915,0.6035278469459336,SEA
2026-09-06,SDN,NYA,0.48240175344497543,0.5093515109125323,0.4773527,0.5143638,0.49586744956420375,NYA
2026-09-06,PIT,LAA,0.60828346923654,0.6005485480043347,0.6142111,0.5837213,0.601691094949333,PIT
2026-09-06,PHI,ATL,0.6276567387653713,0.6104498124489562,0.60653794,0.6511353,0.6239449536910331,PHI
2026-09-06,NYN,SFN,0.5805001468668676,0.570158040512398,0.5591163,0.5928864,0.5756652199004653,NYN
2026-09-06,MIA,CHN,0.41882563399711603,0.40923341869169494,0.35346702,0.45769307,0.40980478506856505,CHN
2026-09-06,HOU,ARI,0.5433238401177548,0.5467282195325546,0.56863844,0.5535809,0.553067845940562,HOU
2026-09-06,KCA,TOR,0.5157646920550384,0.5279191612651685,0.5371523,0.5284154,0.5273128813932155,KCA
2026-09-06,COL,SLN,0.370411979019027,0.44075465535476827,0.41078848,0.39398462,0.4039849316609232,SLN
2026-09-06,CLE,DET,0.49147133895028716,0.4893386578712152,0.41581902,0.49068737,0.47182909655025096,DET
2026-09-06,CIN,MIL,0.48696763305818,0.484412393941114,0.4951114,0.5052092,0.4929251600958852,MIL
2026-09-06,CHA,MIN,0.5274907891083412,0.5067193661114807,0.44652605,0.5121847,0.49823022132391453,MIN
2026-09-06,BAL,BOS,0.4115833129155102,0.4463488648915014,0.47480577,0.45552498,0.44706573278335693,BOS
2026-09-06,LAN,WAS,0.7484987435619179,0.7243928748501741,0.7673027,0.7506575,0.7477129522962755,LAN
2026-09-07,SFN,SLN,0.5908353355129988,0.5543117185220681,0.60856104,0.5952514,0.5872398686008153,SFN
2026-09-07,SDN,WAS,0.7137727515251268,0.6832695452887044,0.72472715,0.71865135,0.710105201226201,SDN
2026-09-07,PHI,ATL,0.6405802665176693,0.6104488934947859,0.58614177,0.6421503,0.6198303019974757,PHI
2026-09-07,MIL,CHN,0.5277598335343172,0.549580500980525,0.56346846,0.5555169,0.5490814223538005,MIL
2026-09-07,MIA,NYN,0.41684393745874426,0.44740066012263136,0.40262225,0.44531056,0.4280443532832834,NYN
2026-09-07,LAN,CIN,0.5818840481181332,0.5654134981498675,0.5272175,0.5904925,0.5662518851460254,LAN
2026-09-07,DET,MIN,0.6348622066724477,0.6071087714795904,0.6075303,0.64325064,0.6231879795519714,DET
2026-09-07,BOS,LAA,0.6900802886111544,0.7077767447543625,0.7008232,0.68801254,0.6966731903835011,BOS
2026-09-07,BAL,CLE,0.4895804371986199,0.5006038623928617,0.49226263,0.5046145,0.49676535090886054,CLE
2026-09-07,ATH,TOR,0.4778728560812012,0.46615960755603214,0.50385606,0.46761483,0.4788758390166463,TOR
2026-09-07,KCA,ARI,0.5685312277454992,0.5588525558146453,0.59545696,0.57256365,0.5738510974002748,KCA
2026-09-08,MIL,CHN,0.5277598335343172,0.549580500980525,0.56346846,0.5555169,0.5490814223538005,MIL
2026-09-08,SEA,TEX,0.565433630415948,0.5651152947499622,0.5693767,0.6100087,0.5774835872065471,SEA
2026-09-08,SDN,WAS,0.7127983227438771,0.6903841484098183,0.74247587,0.70967966,0.7138345004016059,SDN
2026-09-08,PHI,HOU,0.5861231988493961,0.5714687478573032,0.55934024,0.5926915,0.577405916597825,PHI
2026-09-08,NYA,COL,0.812289402159133,0.7349675808975322,0.82896185,0.82636744,0.800646567527205,NYA
2026-09-08,SFN,SLN,0.5908353355129988,0.5543117185220681,0.60856104,0.5952514,0.5872398686008153,SFN
2026-09-08,MIA,NYN,0.41684393745874426,0.44740066012263136,0.40262225,0.44531056,0.4280443532832834,NYN
2026-09-08,CHA,PIT,0.5123805624010755,0.5239585796948009,0.5276899,0.55010957,0.5285346453815283,CHA
2026-09-08,KCA,ARI,0.5685312277454992,0.5588525558146453,0.59545696,0.57256365,0.5738510974002748,KCA
2026-09-08,ATH,TOR,0.4778728560812012,0.46615960755603214,0.50385606,0.46761483,0.4788758390166463,TOR
2026-09-08,ATL,TBA,0.5086696996359703,0.5031443585158721,0.5148933,0.53750443,0.5160529465295378,ATL
2026-09-08,LAN,CIN,0.5942237398509276,0.572470439291379,0.5504236,0.58575386,0.5757179148407753,LAN
2026-09-08,BOS,LAA,0.6790813139144662,0.7080755592259218,0.6976731,0.6666799,0.6878774685645236,BOS
2026-09-08,DET,MIN,0.6229742260216483,0.6088921961908256,0.6149331,0.62613696,0.6182341135830562,DET
2026-09-08,BAL,CLE,0.4895804371986199,0.5006038623928617,0.49226263,0.5046145,0.49676535090886054,CLE
2026-09-09,SFN,SLN,0.5908353355129988,0.5543117185220681,0.60856104,0.5952514,0.5872398686008153,SFN
2026-09-09,SEA,TEX,0.5603574925961599,0.5633601430229072,0.5658044,0.60071933,0.5725603475539442,SEA
2026-09-09,SDN,WAS,0.7127983227438771,0.6903841484098183,0.74247587,0.70967966,0.7138345004016059,SDN
2026-09-09,PHI,HOU,0.5926490634872731,0.5712270415683123,0.5623821,0.5895943,0.5789631279074586,PHI
2026-09-09,NYA,COL,0.8091233676487486,0.7332643249004464,0.815484,0.81163836,0.7923775087839281,NYA
2026-09-09,MIL,CHN,0.5277598335343172,0.549580500980525,0.56346846,0.5555169,0.5490814223538005,MIL
2026-09-09,MIA,NYN,0.41684393745874426,0.44740066012263136,0.40262225,0.44531056,0.4280443532832834,NYN
2026-09-09,KCA,ARI,0.5685312277454992,0.5588525558146453,0.59545696,0.57256365,0.5738510974002748,KCA
2026-09-09,DET,MIN,0.6229742260216483,0.6088921961908256,0.6149331,0.62613696,0.6182341135830562,DET
2026-09-09,BOS,LAA,0.6790813139144662,0.7080755592259218,0.6976731,0.6666799,0.6878774685645236,BOS
2026-09-09,BAL,CLE,0.4895804371986199,0.5006038623928617,0.49226263,0.5046145,0.49676535090886054,CLE
2026-09-09,ATL,TBA,0.515407115155116,0.5042659773544779,0.5257132,0.5085869,0.51349329534801,ATL
2026-09-09,ATH,TOR,0.4778728560812012,0.46615960755603214,0.50385606,0.46761483,0.4788758390166463,TOR
2026-09-09,LAN,CIN,0.5942237398509276,0.572470439291379,0.5504236,0.58575386,0.5757179148407753,LAN
2026-09-09,CHA,PIT,0.49449012179058216,0.521040608793431,0.50347984,0.5024156,0.5053565415985255,CHA
2026-09-10,PHI,HOU,0.5926490634872731,0.5712270415683123,0.5623821,0.5895943,0.5789631279074586,PHI
2026-09-10,SEA,TEX,0.5603574925961599,0.5633601430229072,0.5658044,0.60071933,0.5725603475539442,SEA
2026-09-10,NYA,COL,0.8091233676487486,0.7332643249004464,0.815484,0.81163836,0.7923775087839281,NYA
2026-09-10,ATL,TBA,0.515407115155116,0.5042659773544779,0.5257132,0.5085869,0.51349329534801,ATL
2026-09-10,CHA,PIT,0.49449012179058216,0.521040608793431,0.50347984,0.5024156,0.5053565415985255,CHA
2026-09-11,WAS,LAA,0.48783314164584146,0.48964001106651317,0.46376607,0.50363165,0.4862177180835032,LAA
2026-09-11,TOR,BAL,0.6554578071504822,0.6297872030308419,0.65713054,0.67633736,0.6546782277335863,TOR
2026-09-11,TBA,HOU,0.513922467149959,0.514519777771258,0.4881874,0.50164413,0.5045684454823757,TBA
2026-09-11,SLN,CHA,0.5847442859384058,0.5736645974999727,0.5818544,0.5646848,0.576237023677893,SLN
2026-09-11,SFN,SDN,0.5143162839261257,0.49311032171205,0.5218006,0.52967834,0.5147263820013179,SFN
2026-09-11,MIN,CLE,0.513175659216843,0.5218680530476812,0.5076997,0.57057583,0.5283298183993067,MIN
2026-09-11,MIL,CIN,0.5915998191341021,0.5909524866890393,0.57961506,0.59456545,0.5891832033707634,MIL
2026-09-11,NYA,NYN,0.5610852356370407,0.5619662142100921,0.5340234,0.5390404,0.54902881016133,NYA
2026-09-11,DET,COL,0.7791416380076535,0.7233692821800828,0.783632,0.78096473,0.76677690819425,DET
2026-09-11,CHN,PIT,0.6515662391448133,0.6362779258472467,0.65748334,0.6514451,0.6491931487681184,CHN
2026-09-11,BOS,KCA,0.5547221523119001,0.5598388710997765,0.5124293,0.5872337,0.5535560106479936,BOS
2026-09-11,ATL,PHI,0.4324766184733918,0.4658233241077245,0.45758402,0.44594514,0.4504572774391023,PHI
2026-09-11,ATH,SEA,0.4734593749423455,0.47432593544561524,0.5044056,0.51509666,0.49182189813265,SEA
2026-09-11,ARI,TEX,0.5200966890380965,0.5334049962693969,0.58656514,0.57045966,0.5526316215212321,ARI
2026-09-11,MIA,LAN,0.4123150202855466,0.4136148090565654,0.4195215,0.43170747,0.41928970288806783,LAN
2026-09-12,NYA,NYN,0.5677147195281351,0.5615030872070773,0.53388244,0.55559945,0.5546749242341953,NYA
2026-09-12,WAS,LAA,0.4826798731576258,0.4902656070434512,0.45609972,0.4813223,0.47759187188084706,LAA
2026-09-12,TOR,BAL,0.6507837798877696,0.6266782951789811,0.65433675,0.6543175,0.6465290809452995,TOR
2026-09-12,TBA,HOU,0.513922467149959,0.514519777771258,0.4881874,0.50164413,0.5045684454823757,TBA
2026-09-12,SLN,CHA,0.5731422756830337,0.5722922095600905,0.58171636,0.5861156,0.5783166106458412,SLN
2026-09-12,SFN,SDN,0.5091613737748953,0.4928869497097667,0.51928544,0.5041231,0.5063642139068253,SFN
2026-09-12,MIN,CLE,0.508020223296195,0.5191409409211446,0.5064419,0.52738094,0.5152459996772674,MIN
2026-09-12,ATH,SEA,0.46161088219019764,0.4703256030597465,0.48607096,0.46461248,0.47065498249708304,SEA
2026-09-12,MIA,LAN,0.40732505160394544,0.41412133416435054,0.41832626,0.42497745,0.41618752399763503,LAN
2026-09-12,DET,COL,0.7708424679431503,0.7226163136131457,0.7810985,0.7832699,0.7644567871878564,DET
2026-09-12,CHN,PIT,0.6406839747358695,0.6296909298608574,0.6559343,0.6522727,0.6446454700141948,CHN
2026-09-12,BOS,KCA,0.5496205551321028,0.5583795090389029,0.514403,0.5519554,0.5435896129103128,BOS
2026-09-12,ATL,PHI,0.4324766184733918,0.4658233241077245,0.45758402,0.44594514,0.4504572774391023,PHI
2026-09-12,MIL,CIN,0.5866058663121646,0.5885156716663026,0.57846475,0.5567257,0.5775779913204453,MIL
2026-09-12,ARI,TEX,0.508207559708829,0.528413472326488,0.5570881,0.5318034,0.5313781345575963,ARI
2026-09-13,WAS,LAA,0.4826798731576258,0.4902656070434512,0.45609972,0.4813223,0.47759187188084706,LAA
2026-09-13,TOR,BAL,0.6507837798877696,0.6266782951789811,0.65433675,0.6543175,0.6465290809452995,TOR
2026-09-13,TBA,HOU,0.513922467149959,0.514519777771258,0.4881874,0.50164413,0.5045684454823757,TBA
2026-09-13,SLN,CHA,0.5731422756830337,0.5722922095600905,0.58171636,0.5861156,0.5783166106458412,SLN
2026-09-13,SFN,SDN,0.5091613737748953,0.4928869497097667,0.51928544,0.5041231,0.5063642139068253,SFN
2026-09-13,NYA,NYN,0.5677147195281351,0.5615030872070773,0.53388244,0.55559945,0.5546749242341953,NYA
2026-09-13,MIN,CLE,0.508020223296195,0.5191409409211446,0.5064419,0.52738094,0.5152459996772674,MIN
2026-09-13,MIA,LAN,0.40732505160394544,0.41412133416435054,0.41832626,0.42497745,0.41618752399763503,LAN
2026-09-13,DET,COL,0.7708424679431503,0.7226163136131457,0.7810985,0.7832699,0.7644567871878564,DET
2026-09-13,CHN,PIT,0.6406839747358695,0.6296909298608574,0.6559343,0.6522727,0.6446454700141948,CHN
2026-09-13,BOS,KCA,0.5496205551321028,0.5583795090389029,0.514403,0.5519554,0.5435896129103128,BOS
2026-09-13,ATL,PHI,0.4324766184733918,0.4658233241077245,0.45758402,0.44594514,0.4504572774391023,PHI
2026-09-13,ATH,SEA,0.46161088219019764,0.4703256030597465,0.48607096,0.46461248,0.47065498249708304,SEA
2026-09-13,ARI,TEX,0.508207559708829,0.528413472326488,0.5570881,0.5318034,0.5313781345575963,ARI
2026-09-13,MIL,CIN,0.5866058663121646,0.5885156716663026,0.57846475,0.5567257,0.5775779913204453,MIL
2026-09-14,MIN,NYA,0.3930443499753152,0.4035612878616831,0.37303892,0.41910887,0.3971883558155461,NYA
2026-09-14,TOR,DET,0.5458683989179389,0.5422504238292414,0.52590907,0.5394196,0.5383618700935715,TOR
2026-09-14,SLN,SFN,0.4802121684150691,0.48487181723833317,0.4682348,0.4879259,0.48031117000353385,SFN
2026-09-14,NYN,BAL,0.6624481433783128,0.6372968948289294,0.66040426,0.6686111,0.6571901030977243,NYN
2026-09-14,LAA,SEA,0.3809106131830489,0.4002316743800462,0.37172025,0.3985472,0.3878524360832596,SEA
2026-09-14,COL,SDN,0.2855846128918749,0.36140831363785386,0.33419493,0.32351983,0.3261769202181904,SDN
2026-09-14,CLE,CHA,0.5933702268598641,0.5565781395812336,0.56266445,0.5877861,0.5750997235272742,CLE
2026-09-14,CIN,LAN,0.4783686302288884,0.48918951961434365,0.5003967,0.5232839,0.4978096942973177,LAN
2026-09-14,CHN,ATL,0.6285498288955774,0.6045511983676493,0.6073487,0.63377166,0.618555341425792,CHN
2026-09-14,ARI,MIA,0.6051818750740501,0.5844785076813688,0.58839494,0.6086162,0.596667873980557,ARI
2026-09-15,WAS,PHI,0.31628369788932137,0.32937059999179413,0.25162917,0.33871338,0.3089992123377296,PHI
2026-09-15,TOR,DET,0.5458683989179389,0.5422504238292414,0.52590907,0.5394196,0.5383618700935715,TOR
2026-09-15,TEX,BOS,0.5225451406185685,0.5299749116886607,0.5828773,0.53992283,0.5438300410194647,TEX
2026-09-15,TBA,ATH,0.5566094245903311,0.5810808081398626,0.53498316,0.5649427,0.5594040270984878,TBA
2026-09-15,SLN,SFN,0.4802121684150691,0.48487181723833317,0.4682348,0.4879259,0.48031117000353385,SFN
2026-09-15,PIT,MIL,0.4452439115372697,0.47208087007436406,0.4109742,0.47679305,0.45127300922946945,MIL
2026-09-15,MIN,NYA,0.3930443499753152,0.4035612878616831,0.37303892,0.41910887,0.3971883558155461,NYA
2026-09-15,NYN,BAL,0.6624481433783128,0.6372968948289294,0.66040426,0.6686111,0.6571901030977243,NYN
2026-09-15,HOU,KCA,0.5262189957635927,0.517304263256461,0.49640623,0.53744733,0.5193442049265413,HOU
2026-09-15,COL,SDN,0.2855846128918749,0.36140831363785386,0.33419493,0.32351983,0.3261769202181904,SDN
2026-09-15,CLE,CHA,0.5933702268598641,0.5565781395812336,0.56266445,0.5877861,0.5750997235272742,CLE
2026-09-15,CIN,LAN,0.4783686302288884,0.48918951961434365,0.5003967,0.5232839,0.4978096942973177,LAN
2026-09-15,CHN,ATL,0.6285498288955774,0.6045511983676493,0.6073487,0.63377166,0.618555341425792,CHN
2026-09-15,ARI,MIA,0.6051818750740501,0.5844785076813688,0.58839494,0.6086162,0.596667873980557,ARI
2026-09-15,LAA,SEA,0.3809106131830489,0.4002316743800462,0.37172025,0.3985472,0.3878524360832596,SEA
2026-09-16,PIT,MIL,0.440153900317748,0.4711375220717476,0.41214904,0.45876938,0.4455524613317222,MIL
2026-09-16,WAS,PHI,0.31183923989478496,0.3322136926761358,0.25511965,0.3411294,0.31007549412810465,PHI
2026-09-16,TOR,DET,0.5458683989179389,0.5422504238292414,0.52590907,0.5394196,0.5383618700935715,TOR
2026-09-16,TEX,BOS,0.5173956156326384,0.5293638330037308,0.5749148,0.53818685,0.5399652774604152,TEX
2026-09-16,TBA,ATH,0.5515119683430493,0.5745137750765553,0.5225919,0.537779,0.5465991514758957,TBA
2026-09-16,SLN,SFN,0.4802121684150691,0.48487181723833317,0.4682348,0.4879259,0.48031117000353385,SFN
2026-09-16,NYN,BAL,0.6624481433783128,0.6372968948289294,0.66040426,0.6686111,0.6571901030977243,NYN
2026-09-16,LAA,SEA,0.3809106131830489,0.4002316743800462,0.37172025,0.3985472,0.3878524360832596,SEA
2026-09-16,HOU,KCA,0.5210727782636101,0.5174536075662843,0.49432126,0.5030038,0.5089628546948355,HOU
2026-09-16,COL,SDN,0.2855846128918749,0.36140831363785386,0.33419493,0.32351983,0.3261769202181904,SDN
2026-09-16,CLE,CHA,0.5933702268598641,0.5565781395812336,0.56266445,0.5877861,0.5750997235272742,CLE
2026-09-16,CIN,LAN,0.4783686302288884,0.48918951961434365,0.5003967,0.5232839,0.4978096942973177,LAN
2026-09-16,CHN,ATL,0.6285498288955774,0.6045511983676493,0.6073487,0.63377166,0.618555341425792,CHN
2026-09-16,ARI,MIA,0.6051818750740501,0.5844785076813688,0.58839494,0.6086162,0.596667873980557,ARI
2026-09-16,MIN,NYA,0.3930443499753152,0.4035612878616831,0.37303892,0.41910887,0.3971883558155461,NYA
2026-09-17,LAA,MIN,0.49570757684012146,0.47634265927912756,0.47924644,0.4874231,0.48467994144892157,MIN
2026-09-17,TEX,BOS,0.5173956156326384,0.5293638330037308,0.5749148,0.53818685,0.5399652774604152,TEX
2026-09-17,TBA,ATH,0.5515119683430493,0.5745137750765553,0.5225919,0.537779,0.5465991514758957,TBA
2026-09-17,PIT,MIL,0.440153900317748,0.4711375220717476,0.41214904,0.45876938,0.4455524613317222,MIL
2026-09-17,NYN,PHI,0.5097725342186318,0.5083789884671261,0.5556002,0.53699344,0.5276862981442788,NYN
2026-09-17,CIN,LAN,0.4783686302288884,0.48918951961434365,0.5003967,0.5232839,0.4978096942973177,LAN
2026-09-17,COL,SDN,0.2855846128918749,0.36140831363785386,0.33419493,0.32351983,0.3261769202181904,SDN
2026-09-17,CHA,DET,0.42377664608153853,0.4527689852920959,0.4091267,0.4552519,0.43523105817156793,DET
2026-09-17,HOU,KCA,0.5210727782636101,0.5174536075662843,0.49432126,0.5030038,0.5089628546948355,HOU
2026-09-18,SDN,MIA,0.6268763537978018,0.6032662219663801,0.6034707,0.64028734,0.6184751496373422,SDN
2026-09-18,SLN,WAS,0.646240092818575,0.6068392584186622,0.6525392,0.6561085,0.6404317608601897,SLN
2026-09-18,PIT,KCA,0.4597735252718029,0.4801790003654168,0.46331987,0.46395218,0.46680614430250483,KCA
2026-09-18,TEX,TOR,0.5186564066730042,0.5383404490774502,0.4689348,0.552711,0.5196606674827071,TEX
2026-09-18,NYN,PHI,0.5097725342186318,0.5083789884671261,0.5556002,0.53699344,0.5276862981442788,NYN
2026-09-18,TBA,BOS,0.48685304340542024,0.5125611683209018,0.5028831,0.513206,0.5038758233726358,TBA
2026-09-18,LAN,SFN,0.5881601804488412,0.586658956944374,0.55204886,0.60928357,0.584037891462142,LAN
2026-09-18,LAA,MIN,0.49570757684012146,0.47634265927912756,0.47924644,0.4874231,0.48467994144892157,MIN
2026-09-18,HOU,ATL,0.5781325567053105,0.5487847012346209,0.57826245,0.5753862,0.5701414831069997,HOU
2026-09-18,COL,SEA,0.2603159658209633,0.3519522031967423,0.2872566,0.27159417,0.2927797335614943,SEA
2026-09-18,CLE,ATH,0.5358318233288561,0.5765262475842485,0.5183518,0.5390045,0.5424285922207307,CLE
2026-09-18,CIN,CHN,0.4695843289973641,0.49137879325872263,0.47783154,0.47255525,0.4778374786693569,CHN
2026-09-18,CHA,DET,0.42377664608153853,0.4527689852920959,0.4091267,0.4552519,0.43523105817156793,DET
2026-09-18,BAL,MIL,0.4157242117072788,0.4155669234123046,0.4216341,0.45815274,0.42776949603537373,MIL
2026-09-18,ARI,NYA,0.45797631579084946,0.461027398176313,0.45918444,0.4831426,0.4653326915804938,NYA
2026-09-19,TEX,TOR,0.5253846541021262,0.5371634833651,0.4800482,0.54111505,0.5209278481108747,TEX
2026-09-19,TBA,BOS,0.48685304340542024,0.5125611683209018,0.5028831,0.513206,0.5038758233726358,TBA
2026-09-19,SLN,WAS,0.64150941086916,0.6076695667700395,0.64695853,0.64689964,0.6357592870371345,SLN
2026-09-19,SDN,MIA,0.6331618108061027,0.603299183911377,0.6002988,0.6207426,0.6143756089203062,SDN
2026-09-19,PIT,KCA,0.4597735252718029,0.4801790003654168,0.46331987,0.46395218,0.46680614430250483,KCA
2026-09-19,NYN,PHI,0.5097725342186318,0.5083789884671261,0.5556002,0.53699344,0.5276862981442788,NYN
2026-09-19,LAN,SFN,0.5946761376340878,0.5841539085064408,0.5451039,0.58611083,0.5775111960081698,LAN
2026-09-19,CLE,ATH,0.5239757271146395,0.5741108234187048,0.51680326,0.52737063,0.5355651117115144,CLE
2026-09-19,HOU,ATL,0.5846951406305188,0.5489615128700707,0.58589214,0.5921873,0.5779340199472985,HOU
2026-09-19,COL,SEA,0.26554171272345617,0.35310806291734714,0.29520315,0.3028308,0.30417092761810566,SEA
2026-09-19,CIN,CHN,0.47630591400696376,0.4930552725136179,0.49275997,0.5051553,0.49181912106681,CHN
2026-09-19,CHA,DET,0.42377664608153853,0.4527689852920959,0.4091267,0.4552519,0.43523105817156793,DET
2026-09-19,BAL,MIL,0.4042113940696682,0.41356458795666506,0.4120985,0.42453882,0.4136033250401603,MIL
2026-09-19,ARI,NYA,0.45285956906327296,0.4625680899662239,0.45716646,0.47611162,0.4621764357076916,NYA
2026-09-19,LAA,MIN,0.49570757684012146,0.47634265927912756,0.47924644,0.4874231,0.48467994144892157,MIN
2026-09-20,PIT,KCA,0.4597735252718029,0.4801790003654168,0.46331987,0.46395218,0.46680614430250483,KCA
2026-09-20,SDN,MIA,0.6331618108061027,0.603299183911377,0.6002988,0.6207426,0.6143756089203062,SDN
2026-09-20,NYN,PHI,0.5097725342186318,0.5083789884671261,0.5556002,0.53699344,0.5276862981442788,NYN
2026-09-20,SLN,WAS,0.64150941086916,0.6076695667700395,0.64695853,0.64689964,0.6357592870371345,SLN
2026-09-20,TBA,BOS,0.48685304340542024,0.5125611683209018,0.5028831,0.513206,0.5038758233726358,TBA
2026-09-20,TEX,TOR,0.5253846541021262,0.5371634833651,0.4800482,0.54111505,0.5209278481108747,TEX
2026-09-20,LAN,SFN,0.5946761376340878,0.5841539085064408,0.5451039,0.58611083,0.5775111960081698,LAN
2026-09-20,CHA,DET,0.42377664608153853,0.4527689852920959,0.4091267,0.4552519,0.43523105817156793,DET
2026-09-20,HOU,ATL,0.5846951406305188,0.5489615128700707,0.58589214,0.5921873,0.5779340199472985,HOU
2026-09-20,COL,SEA,0.26554171272345617,0.35310806291734714,0.29520315,0.3028308,0.30417092761810566,SEA
2026-09-20,CLE,ATH,0.5239757271146395,0.5741108234187048,0.51680326,0.52737063,0.5355651117115144,CLE
2026-09-20,CIN,CHN,0.47630591400696376,0.4930552725136179,0.49275997,0.5051553,0.49181912106681,CHN
2026-09-20,BAL,MIL,0.4042113940696682,0.41356458795666506,0.4120985,0.42453882,0.4136033250401603,MIL
2026-09-20,ARI,NYA,0.45285956906327296,0.4625680899662239,0.45716646,0.47611162,0.4621764357076916,NYA
2026-09-20,LAA,MIN,0.49570757684012146,0.47634265927912756,0.47924644,0.4874231,0.48467994144892157,MIN
2026-09-21,SFN,MIN,0.5998234083338144,0.560356137913247,0.58769983,0.6019353,0.5874536759580513,SFN
2026-09-21,DET,WAS,0.710026511163124,0.6905586163664854,0.7262531,0.7160072,0.7107113482199878,DET
2026-09-21,BAL,TOR,0.4193582345756462,0.4460824277559963,0.42889705,0.44513556,0.43486831973673445,TOR
2026-09-22,SFN,MIN,0.5998234083338144,0.560356137913247,0.58769983,0.6019353,0.5874536759580513,SFN
2026-09-22,SEA,HOU,0.5745572032892542,0.5611182279485981,0.55935603,0.59133637,0.5715919586385876,SEA
2026-09-22,TEX,NYN,0.5161371728781637,0.5209076030820736,0.44851288,0.53518707,0.5051861808889584,TEX
2026-09-22,PHI,MIL,0.5638323582617244,0.5534781444539699,0.560694,0.5865036,0.5661270267237691,PHI
2026-09-22,NYA,TBA,0.6196168790995995,0.5770787169546112,0.59537774,0.6093849,0.6003645584173536,NYA
2026-09-22,NYA,TBA,0.6292929556570094,0.5774759661722597,0.6108311,0.6530341,0.617658523673069,NYA
2026-09-22,LAN,SDN,0.575340628373442,0.5612949027248898,0.5482326,0.60234076,0.5718022259848032,LAN
2026-09-22,PIT,SLN,0.5519482270312793,0.5412013028587075,0.5522557,0.542015,0.5468550590166862,PIT
2026-09-22,DET,WAS,0.710026511163124,0.6905586163664854,0.7262531,0.7160072,0.7107113482199878,DET
2026-09-22,COL,ARI,0.3155362543548963,0.37997427985665716,0.33426964,0.32835525,0.33953385744605397,ARI
2026-09-22,CHN,MIA,0.6694029676077162,0.6607072261805009,0.6670081,0.6722613,0.6673448983577903,CHN
2026-09-22,BOS,CLE,0.619340391393115,0.6068342375519782,0.6726359,0.6454304,0.6360602319766832,BOS
2026-09-22,BAL,TOR,0.4193582345756462,0.4460824277559963,0.42889705,0.44513556,0.43486831973673445,TOR
2026-09-22,ATL,CIN,0.5093732617735643,0.5150918098865365,0.49983335,0.5364876,0.515196499104753,ATL
2026-09-22,ATH,LAA,0.6222768966050354,0.6174535442543505,0.63996464,0.6434707,0.6307914463888578,ATH
2026-09-22,KCA,CHA,0.6567224403764332,0.6193905416647117,0.639909,0.6502257,0.6415619274990023,KCA
2026-09-23,TEX,NYN,0.5109832134031642,0.5212415465974627,0.45481354,0.5149974,0.5005089306694073,TEX
2026-09-23,SFN,MIN,0.5998234083338144,0.560356137913247,0.58769983,0.6019353,0.5874536759580513,SFN
2026-09-23,SEA,HOU,0.5695064987113769,0.5599936133327601,0.55831677,0.5790808,0.5667244248358709,SEA
2026-09-23,PIT,SLN,0.5468408111016253,0.5417600364239712,0.5520092,0.52274334,0.5408383541810512,PIT
2026-09-23,PHI,MIL,0.5587521124219642,0.552489832441977,0.5593002,0.57079786,0.5603349974340563,PHI
2026-09-23,NYA,TBA,0.6244673405848122,0.5762262279064232,0.59537774,0.61824197,0.6035783193765321,NYA
2026-09-23,LAN,SDN,0.5702922685205266,0.5573436695813615,0.54231805,0.57331914,0.5608182803228201,LAN
2026-09-23,COL,ARI,0.31109752048648,0.38022137840950604,0.3363581,0.33278283,0.3401149584600347,ARI
2026-09-23,DET,WAS,0.710026511163124,0.6905586163664854,0.7262531,0.7160072,0.7107113482199878,DET
2026-09-23,CHN,MIA,0.6648213795751327,0.6569010745951742,0.6651681,0.65888155,0.6614430264482698,CHN
2026-09-23,BOS,CLE,0.6144645926957123,0.6034861698095998,0.66852444,0.61386454,0.6250849369155813,BOS
2026-09-23,BAL,TOR,0.4193582345756462,0.4460824277559963,0.42889705,0.44513556,0.43486831973673445,TOR
2026-09-23,ATL,CIN,0.5042164611531988,0.5125567061813336,0.49441472,0.50166535,0.5032133095171392,ATL
2026-09-23,ATH,LAA,0.6174154763252473,0.6157557224268586,0.6297788,0.61453974,0.6193724359041901,ATH
2026-09-23,KCA,CHA,0.6520564619658258,0.6195330095437598,0.6392334,0.6450089,0.6389579508728112,KCA
2026-09-24,TEX,NYN,0.5109832134031642,0.5212415465974627,0.45481354,0.5149974,0.5005089306694073,TEX
2026-09-24,SEA,LAA,0.6836740666380243,0.7030110912046826,0.70926756,0.6904802,0.6966082217860399,SEA
2026-09-24,PIT,SLN,0.5468408111016253,0.5417600364239712,0.5520092,0.52274334,0.5408383541810512,PIT
2026-09-24,PHI,MIL,0.5587521124219642,0.552489832441977,0.5593002,0.57079786,0.5603349974340563,PHI
2026-09-24,LAN,SDN,0.5702922685205266,0.5573436695813615,0.54231805,0.57331914,0.5608182803228201,LAN
2026-09-24,NYA,TBA,0.6244673405848122,0.5762262279064232,0.59537774,0.61824197,0.6035783193765321,NYA
2026-09-24,COL,ARI,0.31109752048648,0.38022137840950604,0.3363581,0.33278283,0.3401149584600347,ARI
2026-09-24,CHN,MIA,0.6648213795751327,0.6569010745951742,0.6651681,0.65888155,0.6614430264482698,CHN
2026-09-24,BOS,CLE,0.6144645926957123,0.6034861698095998,0.66852444,0.61386454,0.6250849369155813,BOS
2026-09-24,ATL,CIN,0.5042164611531988,0.5125567061813336,0.49441472,0.50166535,0.5032133095171392,ATL
2026-09-24,ATH,HOU,0.496930629152062,0.4925418746253307,0.52159333,0.49458897,0.5014137018015107,ATH
2026-09-24,KCA,CHA,0.6520564619658258,0.6195330095437598,0.6392334,0.6450089,0.6389579508728112,KCA
2026-09-25,WAS,NYN,0.34376596261227016,0.4007360283584388,0.3545702,0.39886007,0.37448306701996376,NYN
2026-09-25,TOR,CIN,0.5801952569259999,0.5526467896057696,0.5412513,0.59109706,0.5662976012907259,TOR
2026-09-25,SFN,LAN,0.48803393180492605,0.49014289092221325,0.4831163,0.5446051,0.5014745494885284,SFN
2026-09-25,SEA,LAA,0.6836740666380243,0.7030110912046826,0.70926756,0.6904802,0.6966082217860399,SEA
2026-09-25,SDN,ARI,0.5669813947488259,0.5682702248189284,0.5911592,0.5784317,0.5762106423949903,SDN
2026-09-25,PHI,TBA,0.6170327903791246,0.5798246765406443,0.60437816,0.6073681,0.6021509355861816,PHI
2026-09-25,NYA,BAL,0.6863939683970837,0.662242183332238,0.68460363,0.6968174,0.68251429532426,NYA
2026-09-25,MIN,TEX,0.45884835786818534,0.4655718045285629,0.49067733,0.5014613,0.4791397040975887,TEX
2026-09-25,MIL,SLN,0.6415991068985596,0.6388372651189699,0.64192486,0.6370959,0.6398642895757325,MIL
2026-09-25,MIA,ATL,0.4991058482626318,0.4795645961416142,0.4951313,0.50080895,0.49365267811098734,ATL
2026-09-25,KCA,CLE,0.5992906005380337,0.6032699453142042,0.6176121,0.60094327,0.6052789841717616,KCA
2026-09-25,DET,PIT,0.6161834988877749,0.5979696536390824,0.6366548,0.63321394,0.6210054710063939,DET
2026-09-25,CHA,COL,0.6824926118889029,0.6340437151466394,0.73464245,0.6833209,0.683624913253217,CHA
2026-09-25,BOS,CHN,0.5192775714904528,0.5437375599752298,0.52851987,0.5608908,0.5381064485291862,BOS
2026-09-25,ATH,HOU,0.496930629152062,0.4925418746253307,0.52159333,0.49458897,0.5014137018015107,ATH
2026-09-26,TOR,CIN,0.568559925179134,0.5505054718328997,0.53679746,0.5639074,0.5549425614445902,TOR
2026-09-26,SFN,LAN,0.4761505339432782,0.4865597390252245,0.46407655,0.5218352,0.48715550743060604,LAN
2026-09-26,SEA,LAA,0.6836740666380243,0.7030110912046826,0.70926756,0.6904802,0.6966082217860399,SEA
2026-09-26,SDN,ARI,0.5669813947488259,0.5682702248189284,0.5911592,0.5784317,0.5762106423949903,SDN
2026-09-26,WAS,NYN,0.3331097879427557,0.39796950366057043,0.34818563,0.36906305,0.3620819924526809,NYN
2026-09-26,PHI,TBA,0.6170327903791246,0.5798246765406443,0.60437816,0.6073681,0.6021509355861816,PHI
2026-09-26,NYA,BAL,0.6921691550344776,0.6612771707205721,0.68055004,0.6889648,0.6807402871787374,NYA
2026-09-26,KCA,CLE,0.5992906005380337,0.6032699453142042,0.6176121,0.60094327,0.6052789841717616,KCA
2026-09-26,MIL,SLN,0.6415991068985596,0.6388372651189699,0.64192486,0.6370959,0.6398642895757325,MIL
2026-09-26,MIA,ATL,0.4991058482626318,0.4795645961416142,0.4951313,0.50080895,0.49365267811098734,ATL
2026-09-26,DET,PIT,0.604866318763539,0.5938288898341163,0.63506377,0.6324635,0.6165556227089155,DET
2026-09-26,CHA,COL,0.6824926118889029,0.6340437151466394,0.73464245,0.6833209,0.683624913253217,CHA
2026-09-26,BOS,CHN,0.5192775714904528,0.5437375599752298,0.52851987,0.5608908,0.5381064485291862,BOS
2026-09-26,ATH,HOU,0.496930629152062,0.4925418746253307,0.52159333,0.49458897,0.5014137018015107,ATH
2026-09-26,MIN,TEX,0.4470550623358472,0.4648546260806996,0.46678945,0.4442886,0.45574693851258014,TEX
2026-09-27,SFN,LAN,0.4761505339432782,0.4865597390252245,0.46407655,0.5218352,0.48715550743060604,LAN
2026-09-27,SEA,LAA,0.6836740666380243,0.7030110912046826,0.70926756,0.6904802,0.6966082217860399,SEA
2026-09-27,SDN,ARI,0.5669813947488259,0.5682702248189284,0.5911592,0.5784317,0.5762106423949903,SDN
2026-09-27,PHI,TBA,0.6170327903791246,0.5798246765406443,0.60437816,0.6073681,0.6021509355861816,PHI
2026-09-27,NYA,BAL,0.6921691550344776,0.6612771707205721,0.68055004,0.6889648,0.6807402871787374,NYA
2026-09-27,MIN,TEX,0.4470550623358472,0.4648546260806996,0.46678945,0.4442886,0.45574693851258014,TEX
2026-09-27,DET,PIT,0.604866318763539,0.5938288898341163,0.63506377,0.6324635,0.6165556227089155,DET
2026-09-27,MIA,ATL,0.4991058482626318,0.4795645961416142,0.4951313,0.50080895,0.49365267811098734,ATL
2026-09-27,KCA,CLE,0.5992906005380337,0.6032699453142042,0.6176121,0.60094327,0.6052789841717616,KCA
2026-09-27,CHA,COL,0.6824926118889029,0.6340437151466394,0.73464245,0.6833209,0.683624913253217,CHA
2026-09-27,BOS,CHN,0.5192775714904528,0.5437375599752298,0.52851987,0.5608908,0.5381064485291862,BOS
2026-09-27,ATH,HOU,0.496930629152062,0.4925418746253307,0.52159333,0.49458897,0.5014137018015107,ATH
2026-09-27,TOR,CIN,0.568559925179134,0.5505054718328997,0.53679746,0.5639074,0.5549425614445902,TOR
2026-09-27,MIL,SLN,0.6415991068985596,0.6388372651189699,0.64192486,0.6370959,0.6398642895757325,MIL
2026-09-27,WAS,NYN,0.3331097879427557,0.39796950366057043,0.34818563,0.36906305,0.3620819924526809,NYN
