playerID,schoolID,yearID
malasma01,akron,2000.0
avilaal01,alabama,2006.0
avilaal01,alabama,2007.0
avilaal01,alabama,2008.0
brownje02,alabama,2000.0
brownje02,alabama,2001.0
brownje02,alabama,2002.0
cormila01,alabama,2000.0
cormila01,alabama,2001.0
cormila01,alabama,2002.0
downsma01,alabama,2004.0
downsma01,alabama,2005.0
downsma01,alabama,2006.0
hunteto02,alabama,2006.0
hunteto02,alabama,2007.0
leblawa01,alabama,2004.0
leblawa01,alabama,2005.0
leblawa01,alabama,2006.0
nelsoji02,alabama,2008.0
nelsoji02,alabama,2009.0
nelsoji02,alabama,2010.0
roberda08,alabama,2005.0
roberda08,alabama,2006.0
rutlejo01,alabama,2008.0
rutlejo01,alabama,2009.0
rutlejo01,alabama,2010.0
tanketa01,alabama,2002.0
tanketa01,alabama,2003.0
tanketa01,alabama,2004.0
jamesch03,alchatt,2001.0
jamesch03,alchatt,2002.0
wasseeh01,aljeffd,2000.0
wasseeh01,aljeffd,2001.0
sharpjo01,allegheny,2002.0
sharpjo01,allegheny,2003.0
lutzza01,alverniapa,2005.0
lutzza01,alverniapa,2006.0
lutzza01,alverniapa,2007.0
reckean01,alverniapa,2002.0
reckean01,alverniapa,2003.0
reckean01,alverniapa,2004.0
reckean01,alverniapa,2005.0
anderbr03,arizona,2001.0
anderbr03,arizona,2002.0
anderbr03,arizona,2003.0
brownjo05,arizona,2003.0
brownjo05,arizona,2004.0
brownjo05,arizona,2005.0
burnsco01,arizona,2006.0
burnsco01,arizona,2007.0
burnsco01,arizona,2008.0
burnsco01,arizona,2009.0
crowetr01,arizona,2003.0
crowetr01,arizona,2004.0
crowetr01,arizona,2005.0
diggibe01,arizona,2000.0
donalja01,arizona,2004.0
donalja01,arizona,2005.0
donalja01,arizona,2006.0
duncash01,arizona,2000.0
duncash01,arizona,2001.0
guilmpr01,arizona,2006.0
guilmpr01,arizona,2007.0
guilmpr01,arizona,2008.0
guilmpr01,arizona,2009.0
hundlni01,arizona,2003.0
hundlni01,arizona,2004.0
hundlni01,arizona,2005.0
melanma01,arizona,2004.0
melanma01,arizona,2005.0
melanma01,arizona,2006.0
meloajo01,arizona,2003.0
meloajo01,arizona,2004.0
meloajo01,arizona,2005.0
millsbr02,arizona,2004.0
millsbr02,arizona,2005.0
millsbr02,arizona,2006.0
millsbr02,arizona,2007.0
perryry01,arizona,2006.0
perryry01,arizona,2007.0
perryry01,arizona,2008.0
schleda01,arizona,2006.0
schleda01,arizona,2007.0
schleda01,arizona,2008.0
worrema01,arizona,2003.0
bucktr01,arizonast,2003.0
bucktr01,arizonast,2004.0
bucktr01,arizonast,2005.0
calhoko01,arizonast,2009.0
calhoko01,arizonast,2010.0
conrabr01,arizonast,2000.0
conrabr01,arizonast,2001.0
curtico01,arizonast,2004.0
curtico01,arizonast,2005.0
curtico01,arizonast,2006.0
davisik02,arizonast,2006.0
davisik02,arizonast,2007.0
davisik02,arizonast,2008.0
duffych01,arizonast,2001.0
duncaje01,arizonast,2000.0
elmorja01,arizonast,2008.0
esposmi01,arizonast,2000.0
esposmi01,arizonast,2001.0
esposmi01,arizonast,2002.0
ethiean01,arizonast,2002.0
ethiean01,arizonast,2003.0
gosewtu01,arizonast,2002.0
gosewtu01,arizonast,2003.0
gosewtu01,arizonast,2004.0
gosewtu01,arizonast,2005.0
kinslia01,arizonast,2002.0
kipnija01,arizonast,2008.0
kipnija01,arizonast,2009.0
larisje01,arizonast,2002.0
larisje01,arizonast,2003.0
larisje01,arizonast,2004.0
larisje01,arizonast,2005.0
leakemi01,arizonast,2007.0
leakemi01,arizonast,2008.0
leakemi01,arizonast,2009.0
pedrodu01,arizonast,2002.0
pedrodu01,arizonast,2003.0
pedrodu01,arizonast,2004.0
rominan01,arizonast,2005.0
rominan01,arizonast,2006.0
rominan01,arizonast,2007.0
sarfade01,arizonast,2000.0
sogarer01,arizonast,2005.0
sogarer01,arizonast,2006.0
sogarer01,arizonast,2007.0
spencjo01,arizonast,2009.0
stockme01,arizonast,2000.0
stockme01,arizonast,2001.0
switzjo01,arizonast,2000.0
switzjo01,arizonast,2001.0
wallabr01,arizonast,2006.0
wallabr01,arizonast,2007.0
wallabr01,arizonast,2008.0
clarkco01,arkansas,2002.0
forsylo01,arkansas,2006.0
forsylo01,arkansas,2007.0
forsylo01,arkansas,2008.0
gentrcr01,arkansas,2005.0
gentrcr01,arkansas,2006.0
keuchda01,arkansas,2007.0
keuchda01,arkansas,2008.0
keuchda01,arkansas,2009.0
leecl02,arkansas,2000.0
parkebl01,arkansas,2004.0
parkebl01,arkansas,2005.0
parkebl01,arkansas,2006.0
smylydr01,arkansas,2009.0
smylydr01,arkansas,2010.0
toddje01,arkansas,2007.0
welkedu01,arkansas,2007.0
kouzmke01,arkansaslr,2002.0
smithst02,arkansaslr,2000.0
horstje01,armstratl,2006.0
horstje01,armstratl,2007.0
beanco01,auburn,2000.0
bootcch01,auburn,2000.0
chrisju01,auburn,2001.0
crawfev01,auburn,2006.0
crawfev01,auburn,2007.0
crawfev01,auburn,2008.0
donaljo02,auburn,2005.0
donaljo02,auburn,2006.0
donaljo02,auburn,2007.0
grossga01,auburn,2000.0
grossga01,auburn,2001.0
hulettu01,auburn,2002.0
hulettu01,auburn,2003.0
hulettu01,auburn,2004.0
regisst01,auburn,2002.0
regisst01,auburn,2003.0
regisst01,auburn,2004.0
speigle01,auburn,2000.0
speigle01,auburn,2001.0
speigle01,auburn,2002.0
speigle01,auburn,2003.0
thomacl02,auburn,2003.0
thomacl02,auburn,2004.0
thomacl02,auburn,2005.0
ellisaj01,austinpeay,2000.0
ellisaj01,austinpeay,2001.0
ellisaj01,austinpeay,2002.0
ellisaj01,austinpeay,2003.0
kellesh01,austinpeay,2003.0
kellesh01,austinpeay,2004.0
kellesh01,austinpeay,2005.0
kellesh01,austinpeay,2006.0
kellesh01,austinpeay,2007.0
reynoma02,austinpeay,2006.0
reynoma02,austinpeay,2007.0
hairssc01,azcentr,2000.0
hairssc01,azcentr,2001.0
harderi01,azcentr,2000.0
harderi01,azcentr,2001.0
kinslia01,azcentr,2001.0
mathido01,azcentr,2003.0
mathido01,azcentr,2004.0
kouzmke01,azcochi,2000.0
kouzmke01,azcochi,2001.0
fieldjo02,azmescc,2001.0
saenzch01,azpimcc,2001.0
vealdo01,azpimcc,2005.0
beamtj01,azscott,2000.0
beamtj01,azscott,2001.0
duffych01,azsouth,2000.0
romose01,azweste,2002.0
romose01,azweste,2003.0
bullibr01,ballst,2000.0
bullibr01,ballst,2001.0
bullibr01,ballst,2002.0
snydebr02,ballst,2002.0
snydebr02,ballst,2003.0
bubelja01,baylor,2000.0
murphda07,baylor,2001.0
murphda07,baylor,2002.0
murphda07,baylor,2003.0
russoke01,baylor,2005.0
russoke01,baylor,2006.0
saccoma01,baylor,2000.0
saccoma01,baylor,2001.0
saccoma01,baylor,2003.0
shoppke01,baylor,2000.0
shoppke01,baylor,2001.0
suttodr01,baylor,2004.0
tollesh01,baylor,2008.0
tollesh01,baylor,2009.0
tollesh01,baylor,2010.0
casteal01,belmontab,2007.0
casteal01,belmontab,2008.0
burgohi01,bethcook,2006.0
burgohi01,bethcook,2007.0
burgohi01,bethcook,2008.0
burgohi01,bethcook,2009.0
woodyma01,bethcook,2000.0
roberco01,birmsouth,2001.0
roberco01,birmsouth,2002.0
roberco01,birmsouth,2003.0
roberco01,birmsouth,2004.0
belfimi01,bostoncoll,2007.0
belfimi01,bostoncoll,2008.0
belfimi01,bostoncoll,2009.0
lambech01,bostoncoll,2002.0
lambech01,bostoncoll,2003.0
lambech01,bostoncoll,2004.0
martijo07,bostoncoll,2002.0
martijo07,bostoncoll,2003.0
martijo07,bostoncoll,2004.0
martijo07,bostoncoll,2005.0
sanchto01,bostoncoll,2007.0
sanchto01,bostoncoll,2008.0
sanchto01,bostoncoll,2009.0
badenbu01,bowlgreen,2002.0
badenbu01,bowlgreen,2003.0
badenbu01,bowlgreen,2004.0
badenbu01,bowlgreen,2005.0
reimono01,bowlgreen,2003.0
reimono01,bowlgreen,2004.0
reimono01,bowlgreen,2005.0
scahiro01,bradley,2006.0
scahiro01,bradley,2008.0
scahiro01,bradley,2009.0
daleyma01,bucknell,2001.0
daleyma01,bucknell,2003.0
daleyma01,bucknell,2004.0
neshepa01,butler,2000.0
neshepa01,butler,2001.0
neshepa01,butler,2002.0
bradeda01,caameri,2002.0
bradeda01,caameri,2003.0
parrama01,caameri,2001.0
parrama01,caameri,2002.0
barkese01,cabakjc,2000.0
dumatph01,cabakjc,2000.0
woodsja01,cabakjc,2001.0
evelada01,cacanyo,2003.0
schiena01,cachabo,2003.0
hinshal01,cachaff,2002.0
hinshal01,cachaff,2004.0
tracese01,cacitru,2000.0
tracese01,cacitru,2001.0
feldmsc01,cacsmat,2002.0
feldmsc01,cacsmat,2003.0
bernido01,cacuest,2000.0
francbe01,cacypre,2000.0
vargaja01,cacypre,2003.0
demarch01,caelcam,2000.0
roberch02,cafeath,2001.0
bonined01,caglend,2001.0
bottsja01,caglend,2000.0
estrama01,caglend,2003.0
mcdonja03,cagolde,2003.0
munizca01,caharbo,2000.0
munizca01,caharbo,2001.0
bakerjo01,california,2000.0
bakerjo01,california,2001.0
bakerjo01,california,2002.0
boescbr01,california,2004.0
boescbr01,california,2005.0
boescbr01,california,2006.0
coopeda01,california,2007.0
coopeda01,california,2008.0
craigal01,california,2003.0
craigal01,california,2004.0
craigal01,california,2005.0
craigal01,california,2006.0
horwibr01,california,2001.0
horwibr01,california,2002.0
horwibr01,california,2003.0
horwibr01,california,2004.0
jacksbr01,california,2007.0
jacksbr01,california,2008.0
jacksbr01,california,2009.0
jacksco01,california,2001.0
jacksco01,california,2002.0
jacksco01,california,2003.0
johnser04,california,2009.0
johnser04,california,2010.0
johnser04,california,2011.0
koberje01,california,2007.0
koberje01,california,2008.0
koberje01,california,2009.0
morrobr01,california,2004.0
morrobr01,california,2005.0
morrobr01,california,2006.0
nadyxa01,california,2000.0
rossty01,california,2006.0
rossty01,california,2007.0
rossty01,california,2008.0
satinjo01,california,2004.0
satinjo01,california,2005.0
satinjo01,california,2006.0
satinjo01,california,2007.0
satinjo01,california,2008.0
semiema01,california,2009.0
semiema01,california,2010.0
semiema01,california,2011.0
tonismi01,california,2000.0
correke01,calpoly,2000.0
correke01,calpoly,2001.0
correke01,calpoly,2002.0
fienca01,calpoly,2005.0
fienca01,calpoly,2006.0
morelbr01,calpoly,2006.0
morelbr01,calpoly,2007.0
morelbr01,calpoly,2008.0
norribu01,calpoly,2004.0
norribu01,calpoly,2005.0
norribu01,calpoly,2006.0
olsonga01,calpoly,2003.0
olsonga01,calpoly,2004.0
olsonga01,calpoly,2005.0
reedev01,calpoly,2005.0
reedev01,calpoly,2006.0
reedev01,calpoly,2007.0
schaflo01,calpoly,2007.0
schaflo01,calpoly,2008.0
coopeda01,calstfull,2006.0
cordech01,calstfull,2001.0
cordech01,calstfull,2002.0
cordech01,calstfull,2003.0
costash01,calstfull,2001.0
costash01,calstfull,2002.0
costash01,calstfull,2003.0
davisbl01,calstfull,2004.0
davisbl01,calstfull,2005.0
davisbl01,calstfull,2006.0
daviskh01,calstfull,2007.0
daviskh01,calstfull,2008.0
daviskh01,calstfull,2009.0
dejonjo01,calstfull,2002.0
johnsad01,calstfull,2000.0
komater01,calstfull,2008.0
littlwe01,calstfull,2001.0
littlwe01,calstfull,2002.0
littlwe01,calstfull,2003.0
pestavi01,calstfull,2004.0
pestavi01,calstfull,2005.0
pestavi01,calstfull,2006.0
pillbr01,calstfull,2004.0
pillbr01,calstfull,2005.0
pillbr01,calstfull,2006.0
romerri01,calstfull,2003.0
romerri01,calstfull,2004.0
romerri01,calstfull,2005.0
rousemi01,calstfull,2001.0
saarlki01,calstfull,2000.0
saarlki01,calstfull,2001.0
suzukku01,calstfull,2002.0
suzukku01,calstfull,2003.0
suzukku01,calstfull,2004.0
turneju01,calstfull,2003.0
turneju01,calstfull,2004.0
turneju01,calstfull,2005.0
turneju01,calstfull,2006.0
windsja01,calstfull,2003.0
windsja01,calstfull,2004.0
burnsmi01,calstla,2000.0
fickch01,calstnorth,2006.0
fickch01,calstnorth,2007.0
murphbi02,calstnorth,2000.0
murphbi02,calstnorth,2001.0
murphbi02,calstnorth,2002.0
rosalle01,calstnorth,2000.0
rosalle01,calstnorth,2001.0
rosalle01,calstnorth,2002.0
rosalle01,calstnorth,2003.0
hirshja01,calutheran,2001.0
hirshja01,calutheran,2002.0
hirshja01,calutheran,2003.0
ryandu01,camerce,2003.0
ryandu01,camerce,2004.0
threeer01,camodes,2000.0
johnsty01,camoorp,2000.0
johnsty01,camoorp,2001.0
baronda01,campjco,2002.0
baronda01,campjco,2003.0
axforjo01,canisius,2006.0
murphdo01,caorang,2002.0
birkiku01,capierc,2000.0
casseja01,capierc,2000.0
slatedo01,capierc,2000.0
longoev01,carioho,2004.0
chaveje01,carivcc,2002.0
chaveje01,carivcc,2003.0
stewach01,carivcc,2001.0
youngde04,carivcc,2001.0
cishest01,carsnewm,2005.0
cishest01,carsnewm,2006.0
cishest01,carsnewm,2007.0
carpean01,casacra,2005.0
johnsro07,casaddl,2002.0
johnsro07,casaddl,2003.0
slamaan01,casajco,2004.0
slamaan01,casajco,2005.0
wilsocj01,casajco,2000.0
youngde04,casbcco,2002.0
cokeph01,casjdjc,2002.0
cokeph01,casjdjc,2003.0
gomesjo01,casrjco,2001.0
sandsje01,catawba,2006.0
sandsje01,catawba,2007.0
sandsje01,catawba,2008.0
windsja01,cawvjco,2001.0
windsja01,cawvjco,2002.0
scribev01,cconnst,2004.0
scribev01,cconnst,2005.0
scribev01,cconnst,2006.0
scribev01,cconnst,2007.0
mccutda01,centok,2002.0
buterdr01,cflorida,2003.0
buterdr01,cflorida,2004.0
buterdr01,cflorida,2005.0
foxma01,cflorida,2002.0
foxma01,cflorida,2003.0
foxma01,cflorida,2004.0
timpncl01,cflorida,2002.0
timpncl01,cflorida,2003.0
timpncl01,cflorida,2004.0
belivje01,charleston,2006.0
belivje01,charleston,2007.0
gardnbr01,charleston,2002.0
gardnbr01,charleston,2003.0
gardnbr01,charleston,2004.0
gardnbr01,charleston,2005.0
godfrgr01,charleston,2006.0
hembrhe01,charleston,2010.0
kohnmi01,charleston,2007.0
kohnmi01,charleston,2008.0
schlibr01,charleston,2007.0
mainejo01,charlotte,2000.0
mainejo01,charlotte,2001.0
mainejo01,charlotte,2002.0
parnebo01,charlsouth,2003.0
parnebo01,charlsouth,2004.0
parnebo01,charlsouth,2005.0
swindrj01,charlsouth,2002.0
swindrj01,charlsouth,2003.0
swindrj01,charlsouth,2004.0
thornty01,charlsouth,2008.0
thornty01,charlsouth,2009.0
thornty01,charlsouth,2010.0
carpean01,chicost,2004.0
campato01,cincy,2007.0
campato01,cincy,2008.0
harrijo05,cincy,2006.0
harrijo05,cincy,2007.0
harrijo05,cincy,2008.0
youklke01,cincy,2000.0
youklke01,cincy,2001.0
mcguich01,citadel,2007.0
mcguich01,citadel,2008.0
mcguich01,citadel,2009.0
mcpheda01,citadel,2000.0
mcpheda01,citadel,2001.0
bakerje03,clemson,2000.0
bakerje03,clemson,2001.0
bakerje03,clemson,2002.0
berkeja01,clemson,2003.0
berkeja01,clemson,2004.0
berkeja01,clemson,2006.0
colvity01,clemson,2004.0
colvity01,clemson,2005.0
colvity01,clemson,2006.0
dwyerch01,clemson,2009.0
greenkh01,clemson,2000.0
greenkh01,clemson,2001.0
greenkh01,clemson,2002.0
jacksst01,clemson,2002.0
jacksst01,clemson,2003.0
jacksst01,clemson,2004.0
leonedo01,clemson,2010.0
leonedo01,clemson,2011.0
leonedo01,clemson,2012.0
millebr02,clemson,2009.0
millebr02,clemson,2010.0
millebr02,clemson,2011.0
mitchdj01,clemson,2006.0
mitchdj01,clemson,2007.0
mitchdj01,clemson,2008.0
moskoda01,clemson,2005.0
moskoda01,clemson,2006.0
moskoda01,clemson,2007.0
sippto01,clemson,2004.0
collmjo01,cmichigan,2005.0
collmjo01,cmichigan,2006.0
collmjo01,cmichigan,2007.0
outmajo01,cmissouri,2005.0
costami01,coastcar,2003.0
costami01,coastcar,2004.0
costami01,coastcar,2005.0
sappeda01,coastcar,2006.0
sappeda01,coastcar,2007.0
sappeda01,coastcar,2008.0
mccarbr01,colamar,2002.0
baxtemi01,columbia,2003.0
perezfe01,columbia,2002.0
perezfe01,columbia,2003.0
perezfe01,columbia,2004.0
avilemi01,concordny,2000.0
avilemi01,concordny,2001.0
avilemi01,concordny,2002.0
avilemi01,concordny,2003.0
rufda01,creighton,2006.0
rufda01,creighton,2007.0
rufda01,creighton,2008.0
rufda01,creighton,2009.0
pillake01,csdomhills,2008.0
pillake01,csdomhills,2009.0
pillake01,csdomhills,2010.0
pillake01,csdomhills,2011.0
andrast01,csstanisl,2001.0
davisra01,ctconap,2000.0
davisra01,ctconap,2001.0
bantzbr01,dallasbapt,2006.0
bantzbr01,dallasbapt,2007.0
bantzbr01,dallasbapt,2008.0
bantzbr01,dallasbapt,2009.0
blackvi01,dallasbapt,2007.0
blackvi01,dallasbapt,2008.0
blackvi01,dallasbapt,2009.0
broadla01,dallasbapt,2003.0
broadla01,dallasbapt,2004.0
goinsry01,dallasbapt,2007.0
goinsry01,dallasbapt,2008.0
goinsry01,dallasbapt,2009.0
zobribe01,dallasbapt,2004.0
lucased01,dartmouth,2002.0
lucased01,dartmouth,2003.0
lucased01,dartmouth,2004.0
stoneto01,daviselkins,2005.0
stoneto01,daviselkins,2006.0
blevije01,dayton,2002.0
blevije01,dayton,2003.0
blevije01,dayton,2004.0
stammcr01,dayton,2003.0
stammcr01,dayton,2004.0
stammcr01,dayton,2005.0
gorecre01,delaware,2002.0
hughedu01,deltast,2002.0
hughedu01,deltast,2003.0
leachbr01,deltast,2005.0
maysoed01,deltast,2002.0
maysoed01,deltast,2003.0
whiteel03,deltast,2000.0
whiteel03,deltast,2001.0
freimna01,duke,2006.0
freimna01,duke,2007.0
freimna01,duke,2008.0
freimna01,duke,2009.0
oteroda01,duke,2004.0
oteroda01,duke,2005.0
oteroda01,duke,2006.0
stromma01,duke,2010.0
stromma01,duke,2011.0
stromma01,duke,2012.0
manesse01,ecarolina,2008.0
manesse01,ecarolina,2009.0
manesse01,ecarolina,2010.0
manesse01,ecarolina,2011.0
narrosa02,ecarolina,2000.0
narrosa02,ecarolina,2001.0
narrosa02,ecarolina,2002.0
tracych01,ecarolina,2000.0
tracych01,ecarolina,2001.0
anderjo03,ekentucky,2001.0
anderjo03,ekentucky,2002.0
anderjo03,ekentucky,2003.0
friedch01,ekentucky,2006.0
friedch01,ekentucky,2007.0
friedch01,ekentucky,2008.0
bixlebr01,emichigan,2002.0
bixlebr01,emichigan,2003.0
bixlebr01,emichigan,2004.0
mickoka01,eutah,2003.0
mickoka01,eutah,2004.0
barnwch01,flagler,2000.0
barnwch01,flagler,2001.0
alvarrj01,flatlantic,2010.0
alvarrj01,flatlantic,2011.0
alvarrj01,flatlantic,2012.0
belivje01,flatlantic,2008.0
calica01,flatlantic,2000.0
crottmi01,flatlantic,2004.0
crottmi01,flatlantic,2005.0
crottmi01,flatlantic,2006.0
fioreje01,flatlantic,2002.0
fioreje01,flatlantic,2003.0
fioreje01,flatlantic,2004.0
murphto03,flatlantic,2000.0
storemi01,flatlantic,2005.0
storemi01,flatlantic,2006.0
storemi01,flatlantic,2007.0
storemi01,flatlantic,2008.0
gomesya01,flbarry,2009.0
owenshe01,flbarry,2000.0
owenshe01,flbarry,2001.0
hernafe03,flbrowa,2003.0
buschbr01,flcentr,2000.0
buschbr01,flcentr,2001.0
bautijo02,flchipo,2000.0
bautijo02,flchipo,2001.0
gamelma01,flchipo,2005.0
loewead01,flchipo,2003.0
martiru01,flchipo,2001.0
martiru01,flchipo,2002.0
abercre01,flgateway,2000.0
phillhe01,flgateway,2001.0
davidda02,flgccco,2000.0
davidda02,flgccco,2001.0
colemca01,flgulfc,2006.0
colemca01,flgulfc,2007.0
colemca01,flgulfc,2008.0
salech01,flgulfc,2008.0
salech01,flgulfc,2009.0
salech01,flgulfc,2010.0
coutljo01,flindia,2000.0
coutljo01,flindia,2001.0
gabbaka01,flindia,2001.0
paganan01,flindia,2000.0
pearcst01,flindia,2002.0
pearcst01,flindia,2003.0
riggash01,flindia,2000.0
riggash01,flindia,2001.0
worrema01,flindia,2002.0
banksjo01,flinternat,2001.0
banksjo01,flinternat,2002.0
banksjo01,flinternat,2003.0
collawi01,flinternat,2000.0
collawi01,flinternat,2001.0
eldrebr01,flinternat,2000.0
eldrebr01,flinternat,2001.0
eldrebr01,flinternat,2002.0
villael01,flinternat,2005.0
worrema01,flinternat,2004.0
crabbca01,flmanat,2001.0
crabbca01,flmanat,2002.0
fiersmi01,flnovas,2009.0
martijd02,flnovas,2007.0
martijd02,flnovas,2008.0
martijd02,flnovas,2009.0
mikolmi01,flnovas,2007.0
mikolmi01,flnovas,2008.0
mikolmi01,flnovas,2009.0
sippto01,flnwfsc,2002.0
augenbr01,florida,2005.0
augenbr01,florida,2006.0
augenbr01,florida,2007.0
chapmke02,florida,2007.0
chapmke02,florida,2009.0
chapmke02,florida,2010.0
dendema01,florida,2007.0
dendema01,florida,2008.0
dendema01,florida,2009.0
dendema01,florida,2010.0
kigerma01,florida,2000.0
kigerma01,florida,2001.0
kigerma01,florida,2002.0
laporma01,florida,2004.0
laporma01,florida,2005.0
laporma01,florida,2006.0
laporma01,florida,2007.0
maronni01,florida,2009.0
maronni01,florida,2010.0
maronni01,florida,2011.0
odayda01,florida,2003.0
odayda01,florida,2004.0
odayda01,florida,2005.0
odayda01,florida,2006.0
olsonti01,florida,2000.0
rodrist02,florida,2010.0
rodrist02,florida,2011.0
rodrist02,florida,2012.0
sadowry01,florida,2002.0
sadowry01,florida,2003.0
shealry01,florida,2000.0
shealry01,florida,2001.0
shealry01,florida,2002.0
zuninmi01,florida,2010.0
zuninmi01,florida,2011.0
zuninmi01,florida,2012.0
brownba01,floridast,2005.0
brownba01,floridast,2006.0
davidda02,floridast,2002.0
davidda02,floridast,2003.0
drewst01,floridast,2002.0
drewst01,floridast,2003.0
drewst01,floridast,2004.0
gastjo01,floridast,2008.0
gastjo01,floridast,2009.0
gastjo01,floridast,2010.0
griffjo01,floridast,2000.0
griffjo01,floridast,2001.0
joneshu01,floridast,2003.0
joneshu01,floridast,2004.0
joneshu01,floridast,2005.0
mcdouma01,floridast,2000.0
poseybu01,floridast,2006.0
poseybu01,floridast,2007.0
poseybu01,floridast,2008.0
robinsh01,floridast,2004.0
robinsh01,floridast,2005.0
robinsh01,floridast,2006.0
villael01,floridast,2008.0
sadlebi01,flpensa,2001.0
sadlebi01,flpensa,2002.0
kendrho01,flsjrcc,2002.0
joycema01,flsouthern,2003.0
joycema01,flsouthern,2004.0
joycema01,flsouthern,2005.0
niekrla01,flsouthern,2000.0
lahaibr01,flstpet,2002.0
lahaibr01,flstpet,2003.0
masseni01,flstpet,2001.0
wilsobo02,flstpet,2002.0
wilsobo02,flstpet,2003.0
jonesbr02,fltalla,2003.0
jonesbr02,fltalla,2004.0
fickch01,fresnost,2005.0
fistedo01,fresnost,2005.0
fistedo01,fresnost,2006.0
garzama01,fresnost,2003.0
garzama01,fresnost,2004.0
garzama01,fresnost,2005.0
labanjo01,fresnost,2000.0
labanjo01,fresnost,2001.0
mcgehca01,fresnost,2001.0
mcgehca01,fresnost,2002.0
mcgehca01,fresnost,2003.0
schepta01,fresnost,2006.0
schepta01,fresnost,2007.0
schepta01,fresnost,2008.0
susdost01,fresnost,2005.0
susdost01,fresnost,2006.0
susdost01,fresnost,2007.0
susdost01,fresnost,2008.0
wilsoju10,fresnost,2006.0
wilsoju10,fresnost,2007.0
wilsoju10,fresnost,2008.0
mastnto01,furman,2000.0
mastnto01,furman,2001.0
mastnto01,furman,2002.0
mastnto01,furman,2003.0
evanste01,gamiddl,2001.0
evanste01,gamiddl,2002.0
blackch02,gatech,2007.0
blackch02,gatech,2008.0
boggsbr01,gatech,2002.0
boggsbr01,gatech,2003.0
boggsbr01,gatech,2004.0
camerke01,gatech,2000.0
camerke01,gatech,2001.0
cumptbr01,gatech,2008.0
cumptbr01,gatech,2009.0
cumptbr01,gatech,2010.0
dietrde01,gatech,2008.0
dietrde01,gatech,2009.0
dietrde01,gatech,2010.0
farmebu01,gatech,2010.0
farmebu01,gatech,2011.0
farmebu01,gatech,2012.0
farmebu01,gatech,2013.0
greenty02,gatech,2003.0
greenty02,gatech,2004.0
greenty02,gatech,2005.0
murtoma01,gatech,2001.0
murtoma01,gatech,2002.0
murtoma01,gatech,2003.0
nickemi01,gatech,2002.0
nickemi01,gatech,2003.0
nickemi01,gatech,2004.0
owingmi01,gatech,2003.0
owingmi01,gatech,2004.0
patteer01,gatech,2002.0
patteer01,gatech,2003.0
patteer01,gatech,2004.0
perryja01,gatech,2000.0
perryja01,gatech,2001.0
perryja01,gatech,2002.0
teixema01,gatech,2000.0
teixema01,gatech,2001.0
vanceco01,gatech,2000.0
wietema01,gatech,2005.0
wietema01,gatech,2006.0
wietema01,gatech,2007.0
woodbl01,gatech,2004.0
woodbl01,gatech,2005.0
woodbl01,gatech,2006.0
oconnmi01,georgewash,2002.0
beckhgo01,georgia,2006.0
beckhgo01,georgia,2007.0
beckhgo01,georgia,2008.0
boggsmi01,georgia,2003.0
boggsmi01,georgia,2004.0
boggsmi01,georgia,2005.0
fieldjo03,georgia,2005.0
fieldjo03,georgia,2006.0
fieldjo03,georgia,2007.0
fieldjo03,georgia,2008.0
grimmju01,georgia,2008.0
grimmju01,georgia,2009.0
grimmju01,georgia,2010.0
keppije01,georgia,2000.0
keppije01,georgia,2001.0
sammocl01,georgia,2002.0
sammocl01,georgia,2003.0
sammocl01,georgia,2004.0
woodal02,georgia,2010.0
woodal02,georgia,2011.0
woodal02,georgia,2012.0
dovede01,georgiasou,2001.0
dovede01,georgiasou,2002.0
dovede01,georgiasou,2003.0
rogerbr01,georgiasou,2001.0
rogerbr01,georgiasou,2002.0
rogerbr01,georgiasou,2003.0
teafoev01,georgiasou,2004.0
teafoev01,georgiasou,2005.0
teafoev01,georgiasou,2006.0
amesst01,gonzaga,2009.0
bayja01,gonzaga,2000.0
gonzama02,gonzaga,2011.0
gonzama02,gonzaga,2012.0
gonzama02,gonzaga,2013.0
mortecl01,gonzaga,2006.0
mortecl01,gonzaga,2007.0
cortefe01,grossmont,2000.0
cortefe01,grossmont,2001.0
karstje01,grossmont,2001.0
karstje01,grossmont,2002.0
wongko01,hawaii,2009.0
wongko01,hawaii,2010.0
wongko01,hawaii,2011.0
wrighst01,hawaii,2004.0
wrighst01,hawaii,2005.0
wrighst01,hawaii,2006.0
allenco01,highpoint,2011.0
bournmi01,houston,2001.0
bournmi01,houston,2002.0
bournmi01,houston,2003.0
crainje01,houston,2002.0
johnsro07,houston,2004.0
josepdo01,houston,2007.0
josepdo01,houston,2008.0
josepdo01,houston,2009.0
lincobr01,houston,2004.0
lincobr01,houston,2005.0
lincobr01,houston,2006.0
mockga01,houston,2003.0
mockga01,houston,2004.0
nancesh01,houston,2000.0
snydech02,houston,2000.0
snydech02,houston,2001.0
snydech02,houston,2002.0
wagnery01,houston,2002.0
wagnery01,houston,2003.0
gotayru01,iaindia,2000.0
gotayru01,iaindia,2001.0
bisenjo01,iawescc,2002.0
bisenjo01,iawescc,2003.0
catetr01,idbyuid,2002.0
lindsma01,idbyuid,2001.0
lindsma01,idbyuid,2002.0
grandcu01,illchicago,2000.0
grandcu01,illchicago,2001.0
grandcu01,illchicago,2002.0
anderja01,illinois,2000.0
basakch01,illinois,2000.0
hudsoky01,illinois,2006.0
hudsoky01,illinois,2007.0
hudsoky01,illinois,2008.0
robinch02,illinois,2003.0
robinch02,illinois,2004.0
robinch02,illinois,2005.0
accarje01,illinoisst,2001.0
accarje01,illinoisst,2002.0
accarje01,illinoisst,2003.0
cottsne01,illinoisst,2000.0
cottsne01,illinoisst,2001.0
eckener01,illinoisst,2000.0
maharke01,illtjco,2002.0
hampsju01,ilswijc,2000.0
wellsra01,ilswijc,2001.0
wellsra01,ilswijc,2002.0
gorzeto01,iltrito,2003.0
wolfro01,ilwabas,2002.0
dunnija01,indiana,2009.0
maharke01,indiana,2001.0
maharke01,indiana,2003.0
maharke01,indiana,2004.0
mccleza01,indiana,2000.0
phegljo01,indiana,2007.0
phegljo01,indiana,2008.0
phegljo01,indiana,2009.0
barmecl01,indianast,2000.0
omogrbr01,indianast,2003.0
omogrbr01,indianast,2004.0
omogrbr01,indianast,2006.0
petrija01,indianast,2009.0
petrija01,indianast,2010.0
stettmi01,indianast,2000.0
stettmi01,indianast,2001.0
stettmi01,indianast,2002.0
stettmi01,indianast,2003.0
thatcjo01,indianast,2001.0
thatcjo01,indianast,2002.0
thatcjo01,indianast,2003.0
thatcjo01,indianast,2004.0
motteja01,iona,2001.0
motteja01,iona,2002.0
motteja01,iona,2003.0
murphda08,jacksonvil,2004.0
murphda08,jacksonvil,2005.0
murphda08,jacksonvil,2006.0
meyerda02,jamesmad,2000.0
meyerda02,jamesmad,2001.0
meyerda02,jamesmad,2002.0
reidry01,jamesmad,2005.0
reidry01,jamesmad,2006.0
thompri02,jamesmad,2000.0
cunnito01,jksonvilst,2008.0
cunnito01,jksonvilst,2009.0
cunnito01,jksonvilst,2010.0
handdo01,jksonvilst,2005.0
handdo01,jksonvilst,2006.0
handdo01,jksonvilst,2007.0
whitebi04,jksonvilst,2000.0
freemsa01,kansas,2008.0
gorzeto01,kansas,2002.0
metcatr01,kansas,2002.0
metcatr01,kansas,2003.0
metcatr01,kansas,2004.0
nelsojo02,kansas,2000.0
nelsojo02,kansas,2001.0
zagurmi01,kansas,2004.0
zagurmi01,kansas,2005.0
torreca01,kansasst,2004.0
campbbr02,kennesawst,2004.0
freemju02,kennesawst,2006.0
freemju02,kennesawst,2007.0
freemju02,kennesawst,2008.0
jenkich01,kennesawst,2007.0
jenkich01,kennesawst,2008.0
jenkich01,kennesawst,2009.0
burriem01,kentst,2004.0
burriem01,kentst,2005.0
burriem01,kentst,2006.0
carpech02,kentst,2005.0
carpech02,kentst,2007.0
carpech02,kentst,2008.0
hayhudi01,kentst,2000.0
hayhudi01,kentst,2001.0
hayhudi01,kentst,2002.0
hayhudi01,kentst,2003.0
sonnaan01,kentst,2003.0
sonnaan01,kentst,2004.0
vanbejo01,kentst,2000.0
vanbejo01,kentst,2001.0
alberan01,kentucky,2005.0
alberan01,kentucky,2006.0
alberan01,kentucky,2007.0
alberan01,kentucky,2008.0
blantjo01,kentucky,2000.0
blantjo01,kentucky,2001.0
blantjo01,kentucky,2002.0
cowgico01,kentucky,2005.0
cowgico01,kentucky,2006.0
cowgico01,kentucky,2008.0
greenan01,kentucky,2000.0
kipnija01,kentucky,2007.0
paxtoja01,kentucky,2007.0
paxtoja01,kentucky,2008.0
paxtoja01,kentucky,2009.0
rusinch01,kentucky,2006.0
rusinch01,kentucky,2007.0
rusinch01,kentucky,2008.0
rusinch01,kentucky,2009.0
webbbr01,kentucky,2000.0
bohntj01,kshutch,2000.0
zagurmi01,kshutch,2002.0
zagurmi01,kshutch,2003.0
welleto01,kybella,2000.0
wadeco01,kywesleyan,2002.0
wadeco01,kywesleyan,2003.0
wadeco01,kywesleyan,2004.0
richmsc01,labossi,2003.0
henslcl01,lamar,2002.0
hoffpmi01,lamar,2001.0
hoffpmi01,lamar,2002.0
mcbrima02,lehigh,2004.0
mcbrima02,lehigh,2005.0
mcbrima02,lehigh,2006.0
ellisja01,lewclarkst,2000.0
ferraan01,lewclarkst,2000.0
mabeuch01,lewclarkst,2000.0
mabeuch01,lewclarkst,2001.0
ryanbr01,lewclarkst,2001.0
ryanbr01,lewclarkst,2002.0
ryanbr01,lewclarkst,2003.0
furmajj01,lewisil,2000.0
knoedju01,lincolnlandcc,2000.0
omallry01,lincolnlandcc,2000.0
paterjo01,linfieldor,2005.0
brothre01,lipscomb,2007.0
brothre01,lipscomb,2008.0
brothre01,lipscomb,2009.0
alvarab01,longbeach,2001.0
alvarab01,longbeach,2002.0
alvarab01,longbeach,2003.0
bentzch01,longbeach,2000.0
bentzch01,longbeach,2001.0
bowkejo01,longbeach,2002.0
bowkejo01,longbeach,2003.0
bowkejo01,longbeach,2004.0
carpean01,longbeach,2006.0
crosbbo01,longbeach,2000.0
crosbbo01,longbeach,2001.0
davisbr03,longbeach,2002.0
davisbr03,longbeach,2003.0
davisbr03,longbeach,2004.0
demarch01,longbeach,2001.0
demarch01,longbeach,2002.0
espinda01,longbeach,2006.0
espinda01,longbeach,2007.0
espinda01,longbeach,2008.0
estrama01,longbeach,2005.0
hugheja02,longbeach,2005.0
hugheja02,longbeach,2006.0
longoev01,longbeach,2005.0
longoev01,longbeach,2006.0
mcanupa01,longbeach,2002.0
munizca01,longbeach,2002.0
munizca01,longbeach,2003.0
petersh01,longbeach,2006.0
petersh01,longbeach,2007.0
petersh01,longbeach,2008.0
ramosce01,longbeach,2003.0
ramosce01,longbeach,2004.0
ramosce01,longbeach,2005.0
reedje03,longbeach,2000.0
reedje03,longbeach,2001.0
reedje03,longbeach,2002.0
shawbr01,longbeach,2006.0
shawbr01,longbeach,2007.0
shawbr01,longbeach,2008.0
terdojo01,longbeach,2010.0
tulowtr01,longbeach,2003.0
tulowtr01,longbeach,2004.0
tulowtr01,longbeach,2005.0
vargaja01,longbeach,2004.0
vinceni01,longbeach,2008.0
weaveje02,longbeach,2002.0
weaveje02,longbeach,2003.0
weaveje02,longbeach,2004.0
wilkad01,longbeach,2007.0
wilkad01,longbeach,2008.0
wilkad01,longbeach,2009.0
worleva01,longbeach,2006.0
worleva01,longbeach,2007.0
worleva01,longbeach,2008.0
greense01,louisville,2000.0
jacksza01,louisville,2002.0
jacksza01,louisville,2003.0
magnutr01,louisville,2004.0
magnutr01,louisville,2005.0
magnutr01,louisville,2006.0
magnutr01,louisville,2007.0
rosenbj01,louisville,2004.0
rosenbj01,louisville,2005.0
rosenbj01,louisville,2006.0
rosenbj01,louisville,2008.0
bartobr01,loyolamary,2001.0
farrier01,loyolamary,2005.0
farrier01,loyolamary,2006.0
farrier01,loyolamary,2007.0
pettich01,loyolamary,2003.0
pettich01,loyolamary,2004.0
pettich01,loyolamary,2005.0
pettich01,loyolamary,2006.0
schulmi02,loyolamary,2000.0
steveje01,loyolamary,2003.0
steveje01,loyolamary,2004.0
steveje01,loyolamary,2005.0
trabebi01,loyolamary,2000.0
wheelry01,loyolamary,2007.0
wheelry01,loyolamary,2008.0
wheelry01,loyolamary,2009.0
whitejo03,loyolamary,2001.0
whitejo03,loyolamary,2002.0
whitejo03,loyolamary,2003.0
wilsocj01,loyolamary,2001.0
barkese01,lsu,2001.0
barkese01,lsu,2002.0
colemlo01,lsu,2006.0
colemlo01,lsu,2007.0
colemlo01,lsu,2008.0
colemlo01,lsu,2009.0
corcoro01,lsu,2001.0
fontemi01,lsu,2000.0
fontemi01,lsu,2001.0
furbuch01,lsu,2007.0
gausmke01,lsu,2011.0
gausmke01,lsu,2012.0
harriwi02,lsu,2003.0
harriwi02,lsu,2004.0
harriwi02,lsu,2005.0
harriwi02,lsu,2006.0
hawpebr01,lsu,2000.0
hillaa01,lsu,2001.0
hillaa01,lsu,2002.0
hillaa01,lsu,2003.0
hodgetr01,lsu,2000.0
jorgery01,lsu,2000.0
lemahdj01,lsu,2008.0
lemahdj01,lsu,2009.0
sadlebi01,lsu,2003.0
smithgr02,lsu,2003.0
smithgr02,lsu,2004.0
smithgr02,lsu,2005.0
stavini01,lsu,2004.0
stavini01,lsu,2005.0
tallebr01,lsu,2000.0
theriry01,lsu,2000.0
theriry01,lsu,2001.0
vargaja01,lsu,2002.0
verdury01,lsu,2008.0
wilsobr01,lsu,2001.0
wilsobr01,lsu,2002.0
youmash01,lsu,2000.0
youmash01,lsu,2001.0
parismi01,manhattan,2002.0
parismi01,manhattan,2003.0
parismi01,manhattan,2004.0
desalma01,mariettaoh,2000.0
desalma01,mariettaoh,2001.0
desalma01,mariettaoh,2002.0
desalma01,mariettaoh,2003.0
straida01,marshall,2008.0
straida01,marshall,2009.0
cecilbr01,maryland,2005.0
cecilbr01,maryland,2006.0
cecilbr01,maryland,2007.0
hartke01,maryland,2004.0
maxweju01,maryland,2002.0
maxweju01,maryland,2003.0
maxweju01,maryland,2005.0
schmost01,maryland,2000.0
schmost01,maryland,2001.0
schmost01,maryland,2002.0
schmost01,maryland,2003.0
tupmama01,masslowell,2001.0
tupmama01,masslowell,2002.0
owensje01,mastersca,2002.0
owensje01,mastersca,2003.0
corcoro01,mcmgccc,2000.0
lewisfr02,mcmgccc,2000.0
lewisfr02,mcmgccc,2001.0
sippto01,mcmgccc,2003.0
buchhcl01,mcneese,2004.0
dlugabr01,memphis,2002.0
dlugabr01,memphis,2003.0
dlugabr01,memphis,2004.0
leicejo01,memphis,2000.0
omallry01,memphis,2001.0
omallry01,memphis,2002.0
ugglada01,memphis,2000.0
ugglada01,memphis,2001.0
freesda01,meramec,2003.0
freesda01,meramec,2004.0
gearrco01,mercer,2007.0
loughda01,mercyhurst,2005.0
loughda01,mercyhurst,2006.0
loughda01,mercyhurst,2007.0
romose01,mesast,2005.0
heisech01,messiah,2004.0
heisech01,messiah,2005.0
heisech01,messiah,2006.0
furbuch01,mestjos,2005.0
furbuch01,mestjos,2006.0
albaljo01,miamidade,2001.0
alonsyo01,miamifl,2006.0
alonsyo01,miamifl,2007.0
alonsyo01,miamifl,2008.0
bartobr01,miamifl,2003.0
bartobr01,miamifl,2004.0
braunry02,miamifl,2003.0
braunry02,miamifl,2004.0
braunry02,miamifl,2005.0
carrice01,miamifl,2004.0
carrice01,miamifl,2005.0
grandya01,miamifl,2008.0
grandya01,miamifl,2009.0
grandya01,miamifl,2010.0
herrmch01,miamifl,2009.0
jacksry02,miamifl,2007.0
jacksry02,miamifl,2008.0
jacksry02,miamifl,2009.0
jayjo02,miamifl,2004.0
jayjo02,miamifl,2005.0
jayjo02,miamifl,2006.0
jimerch01,miamifl,2000.0
jimerch01,miamifl,2001.0
mainesc01,miamifl,2005.0
mainesc01,miamifl,2006.0
mainesc01,miamifl,2007.0
perezch01,miamifl,2004.0
perezch01,miamifl,2005.0
perezch01,miamifl,2006.0
rodried04,miamifl,2004.0
rodried04,miamifl,2005.0
rodried04,miamifl,2006.0
sanchga01,miamifl,2003.0
sanchga01,miamifl,2004.0
tekotbl01,miamifl,2006.0
tekotbl01,miamifl,2007.0
tekotbl01,miamifl,2008.0
terdojo01,miamifl,2008.0
valenda01,miamifl,2005.0
valenda01,miamifl,2006.0
weeksje01,miamifl,2006.0
weeksje01,miamifl,2007.0
weeksje01,miamifl,2008.0
eatonad02,miamioh,2008.0
eatonad02,miamioh,2009.0
eatonad02,miamioh,2010.0
elyjo01,miamioh,2005.0
elyjo01,miamioh,2006.0
elyjo01,miamioh,2007.0
knoedju01,miamioh,2001.0
reinech01,miamioh,2001.0
reinech01,miamioh,2002.0
reinech01,miamioh,2003.0
reinech01,miamioh,2004.0
taylogr01,miamioh,2003.0
taylogr01,miamioh,2004.0
taylogr01,miamioh,2005.0
taylogr01,miamioh,2006.0
foxja02,michigan,2001.0
foxja02,michigan,2002.0
foxja02,michigan,2003.0
getzch01,michigan,2004.0
getzch01,michigan,2005.0
hillri01,michigan,2000.0
hillri01,michigan,2001.0
hillri01,michigan,2002.0
korecbo01,michigan,2000.0
korecbo01,michigan,2001.0
korecbo01,michigan,2002.0
putnaza01,michigan,2006.0
putnaza01,michigan,2007.0
putnaza01,michigan,2008.0
richacl01,michigan,2005.0
gaubjo01,minnesota,2004.0
gaubjo01,minnesota,2005.0
gaubjo01,minnesota,2006.0
hannaja01,minnesota,2000.0
hannaja01,minnesota,2001.0
perkigl01,minnesota,2003.0
perkigl01,minnesota,2004.0
crowaa01,missouri,2006.0
crowaa01,missouri,2007.0
crowaa01,missouri,2008.0
gibsoky01,missouri,2007.0
gibsoky01,missouri,2008.0
gibsoky01,missouri,2009.0
jamesju01,missouri,2002.0
jamesju01,missouri,2003.0
kinslia01,missouri,2003.0
marcush01,missouri,2001.0
mathido01,missouri,2005.0
scherma01,missouri,2004.0
scherma01,missouri,2005.0
scherma01,missouri,2006.0
tepesni01,missouri,2008.0
tepesni01,missouri,2009.0
tepesni01,missouri,2010.0
chapmtr01,missst,2000.0
graveke01,missst,2010.0
graveke01,missst,2011.0
graveke01,missst,2012.0
graveke01,missst,2013.0
knottjo02,missst,2000.0
knottjo02,missst,2001.0
maholpa01,missst,2001.0
maholpa01,missst,2002.0
maholpa01,missst,2003.0
meddebr01,missst,2000.0
meddebr01,missst,2001.0
moorety01,missst,2008.0
morelmi01,missst,2005.0
morelmi01,missst,2006.0
morelmi01,missst,2007.0
papeljo01,missst,2001.0
papeljo01,missst,2002.0
papeljo01,missst,2003.0
tatumcr01,missst,2003.0
tatumcr01,missst,2004.0
szumija01,mit,2000.0
santoom01,moeastc,2000.0
santoom01,moeastc,2001.0
outmajo01,mofores,2003.0
outmajo01,mofores,2004.0
marshja01,mojeffe,2002.0
marshja01,mojeffe,2003.0
brachbr01,monmouth,2005.0
brachbr01,monmouth,2006.0
brachbr01,monmouth,2007.0
brachbr01,monmouth,2008.0
palmema01,mothree,2000.0
richmsc01,movalley,2002.0
loganno01,mscopia,2000.0
dillati01,msitawa,2002.0
dillati01,msitawa,2003.0
vanevjo01,msitawa,2000.0
vanevjo01,msitawa,2001.0
brazede01,mtennst,2000.0
brazede01,mtennst,2001.0
carrobr01,mtennst,2002.0
carrobr01,mtennst,2003.0
carrobr01,mtennst,2004.0
mckenmi01,mtennst,2004.0
mckenmi01,mtennst,2005.0
mckenmi01,mtennst,2006.0
cappsca01,mtolive,2010.0
cappsca01,mtolive,2011.0
romose01,nalabama,2004.0
willijo03,nalabama,2000.0
rupejo01,nclouis,2002.0
milleji02,ncmarsh,2001.0
milleji02,ncmarsh,2002.0
bynumfr01,ncpitcc,2000.0
batesaa01,ncstate,2005.0
batesaa01,ncstate,2006.0
brackan01,ncstate,2005.0
brackan01,ncstate,2006.0
brackan01,ncstate,2007.0
devinjo01,ncstate,2003.0
devinjo01,ncstate,2004.0
devinjo01,ncstate,2005.0
diazjo02,ncstate,2004.0
diazjo02,ncstate,2005.0
diazjo02,ncstate,2006.0
mangima01,ncstate,2005.0
mangima01,ncstate,2006.0
mortoco01,ncstate,2001.0
mortoco01,ncstate,2002.0
mortoco01,ncstate,2003.0
orvelch01,ncstate,2002.0
orvelch01,ncstate,2003.0
surkaer01,ncstate,2006.0
surkaer01,ncstate,2007.0
surkaer01,ncstate,2008.0
tayloan01,ncstate,2006.0
tayloan01,ncstate,2007.0
tayloan01,ncstate,2008.0
wagnene01,ndstate,2003.0
wagnene01,ndstate,2004.0
wagnene01,ndstate,2005.0
carlilu01,neastern,2000.0
carlilu01,neastern,2001.0
carlilu01,neastern,2002.0
ottavad01,neastern,2004.0
ottavad01,neastern,2005.0
ottavad01,neastern,2006.0
bohntj01,nebellevue,2001.0
bohntj01,nebellevue,2002.0
chambjo03,nebkearney,2004.0
anderdr01,nebraska,2001.0
anderdr01,nebraska,2002.0
anderdr01,nebraska,2003.0
ascheco01,nebraska,2009.0
ascheco01,nebraska,2010.0
ascheco01,nebraska,2011.0
brownan02,nebraska,2006.0
brownan02,nebraska,2007.0
chambjo03,nebraska,2005.0
chambjo03,nebraska,2006.0
duensbr01,nebraska,2002.0
duensbr01,nebraska,2003.0
duensbr01,nebraska,2005.0
edlefst01,nebraska,2006.0
edlefst01,nebraska,2007.0
gordoal01,nebraska,2003.0
gordoal01,nebraska,2004.0
gordoal01,nebraska,2005.0
jennida01,nebraska,2006.0
jennida01,nebraska,2007.0
jennida01,nebraska,2008.0
johnsda06,nebraska,2000.0
johnsda06,nebraska,2001.0
kominsh01,nebraska,2000.0
kominsh01,nebraska,2001.0
kominsh01,nebraska,2002.0
kroenza01,nebraska,2003.0
kroenza01,nebraska,2004.0
kroenza01,nebraska,2005.0
shabaad01,nebraska,2000.0
sternad01,nebraska,2000.0
sternad01,nebraska,2001.0
stronja01,nebraska,2000.0
watsoto01,nebraska,2005.0
watsoto01,nebraska,2006.0
watsoto01,nebraska,2007.0
weberth01,nebraska,2007.0
weberth01,nebraska,2008.0
bonined01,nevada,2003.0
churcry01,nevada,2000.0
dickech01,nevada,2001.0
dickech01,nevada,2002.0
dickech01,nevada,2003.0
gimench01,nevada,2002.0
gimench01,nevada,2003.0
gimench01,nevada,2004.0
hayesbr01,nevada,2003.0
hayesbr01,nevada,2004.0
hayesbr01,nevada,2005.0
inglejo01,nevada,2000.0
kouzmke01,nevada,2003.0
quallch01,nevada,2000.0
rasneda01,nevada,2000.0
rasneda01,nevada,2001.0
rasneda01,nevada,2002.0
woodmi01,nflorida,2000.0
woodmi01,nflorida,2001.0
kimbaco01,njcente,2005.0
kimbaco01,njcente,2006.0
jonesna01,nkentucky,2005.0
jonesna01,nkentucky,2006.0
jonesna01,nkentucky,2007.0
herreda01,nmexico,2004.0
herreda01,nmexico,2005.0
herreda01,nmexico,2006.0
lafrobo01,nmexico,2007.0
lafrobo01,nmexico,2008.0
pachejo01,nmexico,2005.0
pachejo01,nmexico,2006.0
pachejo01,nmexico,2007.0
vermija01,nmexico,2001.0
vermija01,nmexico,2002.0
vermija01,nmexico,2003.0
crozier01,norfolkst,2000.0
butlejo04,norleans,2007.0
butlejo04,norleans,2008.0
diamoth01,norleans,2003.0
diamoth01,norleans,2004.0
giavojo01,norleans,2006.0
giavojo01,norleans,2007.0
giavojo01,norleans,2008.0
axforjo01,notredame,2003.0
axforjo01,notredame,2005.0
heilmaa01,notredame,2000.0
heilmaa01,notredame,2001.0
macrima01,notredame,2002.0
macrima01,notredame,2003.0
macrima01,notredame,2004.0
manshje01,notredame,2005.0
manshje01,notredame,2006.0
phelpda01,notredame,2006.0
phelpda01,notredame,2007.0
phelpda01,notredame,2008.0
polloaj01,notredame,2007.0
polloaj01,notredame,2008.0
polloaj01,notredame,2009.0
samarje01,notredame,2004.0
samarje01,notredame,2005.0
samarje01,notredame,2006.0
weilaky01,notredame,2006.0
weilaky01,notredame,2007.0
weilaky01,notredame,2008.0
happja01,nwestern,2002.0
happja01,nwestern,2003.0
happja01,nwestern,2004.0
hietpjo01,nwestern,2000.0
hietpjo01,nwestern,2001.0
kontoge01,nwestern,2004.0
kontoge01,nwestern,2005.0
kontoge01,nwestern,2006.0
sanchjo01,ohdominican,2001.0
sanchjo01,ohdominican,2002.0
sanchjo01,ohdominican,2003.0
sanchjo01,ohdominican,2004.0
krausma01,ohio,2007.0
krausma01,ohio,2008.0
krausma01,ohio,2009.0
russead01,ohio,2002.0
russead01,ohio,2003.0
russead01,ohio,2004.0
anglema01,ohiost,2005.0
anglema01,ohiost,2006.0
anglema01,ohiost,2007.0
edginjo01,ohiost,2007.0
edginjo01,ohiost,2008.0
fryerer01,ohiost,2005.0
fryerer01,ohiost,2006.0
fryerer01,ohiost,2007.0
lewissc02,ohiost,2002.0
lewissc02,ohiost,2003.0
lewissc02,ohiost,2004.0
luebkco01,ohiost,2005.0
luebkco01,ohiost,2006.0
luebkco01,ohiost,2007.0
newmajo01,ohiost,2001.0
newmajo01,ohiost,2002.0
newmajo01,ohiost,2003.0
newmajo01,ohiost,2004.0
shuckja01,ohiost,2006.0
shuckja01,ohiost,2007.0
shuckja01,ohiost,2008.0
swishni01,ohiost,2000.0
swishni01,ohiost,2001.0
swishni01,ohiost,2002.0
nippedu01,ohvalley,2000.0
nippedu01,ohvalley,2001.0
bisenjo01,okcity,2004.0
sanchfr01,okcity,2000.0
schroch01,okcity,2000.0
schroch01,okcity,2001.0
kottage01,okconno,2002.0
kottage01,okconno,2003.0
salazje01,okconno,2000.0
salazje01,okconno,2001.0
bajenje01,oklahoma,2000.0
bartlja01,oklahoma,2000.0
bartlja01,oklahoma,2001.0
cherrro01,oklahoma,2000.0
cherrro01,oklahoma,2001.0
cherrro01,oklahoma,2002.0
dobbsgr01,oklahoma,2001.0
jakubch01,oklahoma,2002.0
mccutda01,oklahoma,2004.0
mccutda01,oklahoma,2005.0
mccutda01,oklahoma,2006.0
purceda01,oklahoma,2002.0
purceda01,oklahoma,2003.0
purceda01,oklahoma,2004.0
richaga01,oklahoma,2007.0
richaga01,oklahoma,2008.0
richaga01,oklahoma,2009.0
rohliry01,oklahoma,2004.0
rohliry01,oklahoma,2005.0
rohliry01,oklahoma,2006.0
smithbu03,oklahoma,2011.0
willire03,oklahoma,2002.0
willire03,oklahoma,2003.0
blackni01,oksemin,2001.0
blackni01,oksemin,2002.0
larocad01,oksemin,2000.0
willire03,oksemin,2000.0
willire03,oksemin,2001.0
bakersc02,okstate,2001.0
bakersc02,okstate,2002.0
bakersc02,okstate,2003.0
brownco01,okstate,2005.0
brownco01,okstate,2006.0
brownco01,okstate,2007.0
buddery01,okstate,2000.0
buddery01,okstate,2001.0
fieldjo02,okstate,2002.0
fieldjo02,okstate,2003.0
fieldjo02,okstate,2004.0
haguema01,okstate,2008.0
jaramja01,okstate,2002.0
jaramja01,okstate,2003.0
jaramja01,okstate,2004.0
lyonsty01,okstate,2007.0
lyonsty01,okstate,2008.0
lyonsty01,okstate,2009.0
lyonsty01,okstate,2010.0
mangima01,okstate,2007.0
mercejo03,okstate,2006.0
mercejo03,okstate,2007.0
mercejo03,okstate,2008.0
olivean01,okstate,2007.0
olivean01,okstate,2008.0
olivean01,okstate,2009.0
richmsc01,okstate,2004.0
richmsc01,okstate,2005.0
ryalru01,okstate,2004.0
ryalru01,okstate,2005.0
salazje01,okstate,2002.0
scottlu01,okstate,2000.0
scottlu01,okstate,2001.0
smithma04,okstate,2000.0
weinhro01,okstate,2007.0
weinhro01,okstate,2008.0
tatajo01,okwesle,2000.0
tatajo01,okwesle,2001.0
hudsoda01,olddom,2006.0
hudsoda01,olddom,2007.0
hudsoda01,olddom,2008.0
hummeti01,olddom,2000.0
verlaju01,olddom,2002.0
verlaju01,olddom,2003.0
verlaju01,olddom,2004.0
beamtj01,olemiss,2002.0
beamtj01,olemiss,2003.0
coghlch01,olemiss,2004.0
coghlch01,olemiss,2005.0
coghlch01,olemiss,2006.0
cozarza01,olemiss,2005.0
cozarza01,olemiss,2006.0
cozarza01,olemiss,2007.0
huismju01,olemiss,2000.0
irwinph01,olemiss,2007.0
irwinph01,olemiss,2008.0
irwinph01,olemiss,2009.0
lynnla01,olemiss,2006.0
lynnla01,olemiss,2007.0
lynnla01,olemiss,2008.0
malonma02,olemiss,2004.0
malonma02,olemiss,2005.0
pomerdr01,olemiss,2008.0
pomerdr01,olemiss,2009.0
pomerdr01,olemiss,2010.0
preslal01,olemiss,2004.0
preslal01,olemiss,2005.0
preslal01,olemiss,2006.0
smithse01,olemiss,2002.0
smithse01,olemiss,2003.0
smithse01,olemiss,2004.0
tolbema01,olemiss,2001.0
tolbema01,olemiss,2002.0
tolbema01,olemiss,2003.0
tolbema01,olemiss,2004.0
zobribe01,olivetnaz,2001.0
zobribe01,olivetnaz,2002.0
zobribe01,olivetnaz,2003.0
bernido01,oralrob,2001.0
bernido01,oralrob,2002.0
hefneje01,oralrob,2007.0
hollimi01,oralrob,2005.0
holmst01,oralrob,2000.0
holmst01,oralrob,2001.0
bardebr01,oregonst,2000.0
bardebr01,oregonst,2001.0
bardebr01,oregonst,2002.0
barneda01,oregonst,2005.0
barneda01,oregonst,2006.0
barneda01,oregonst,2007.0
ekstrmi01,oregonst,2002.0
ekstrmi01,oregonst,2003.0
ellsbja01,oregonst,2003.0
ellsbja01,oregonst,2004.0
ellsbja01,oregonst,2005.0
gilleco01,oregonst,2004.0
gilleco01,oregonst,2005.0
gilleco01,oregonst,2006.0
grahaty01,oregonst,2003.0
grahaty01,oregonst,2004.0
grahaty01,oregonst,2005.0
grahaty01,oregonst,2006.0
kunzed01,oregonst,2005.0
kunzed01,oregonst,2006.0
kunzed01,oregonst,2007.0
mclemma02,oregonst,2000.0
mclemma02,oregonst,2001.0
mclemma02,oregonst,2002.0
paterjo01,oregonst,2006.0
paterjo01,oregonst,2007.0
stutemi01,oregonst,2006.0
stutemi01,oregonst,2007.0
stutemi01,oregonst,2008.0
burrebr01,ormount,2000.0
burrebr01,ormount,2001.0
hammeja01,ortreas,2001.0
hammeja01,ortreas,2002.0
straida01,orweste,2007.0
mcanupa01,oxnard,2000.0
mcanupa01,oxnard,2001.0
hamreer01,pacific,2006.0
hamreer01,pacific,2007.0
headlch01,pacific,2003.0
houltdj01,pacific,2000.0
houltdj01,pacific,2001.0
aardsda01,pennst,2001.0
darnach01,pepperdine,2006.0
darnach01,pepperdine,2007.0
darnach01,pepperdine,2008.0
enrigba01,pepperdine,2005.0
enrigba01,pepperdine,2006.0
enrigba01,pepperdine,2007.0
garcida03,pepperdine,2000.0
garcida03,pepperdine,2001.0
harenda01,pepperdine,2000.0
harenda01,pepperdine,2001.0
lowryno01,pepperdine,2000.0
lowryno01,pepperdine,2001.0
sardida01,pepperdine,2000.0
thameer01,pepperdine,2007.0
thameer01,pepperdine,2008.0
worthda01,pepperdine,2005.0
worthda01,pepperdine,2006.0
worthda01,pepperdine,2007.0
tupmama01,plymouth,2000.0
castoko01,portland,2001.0
castoko01,portland,2002.0
castoko01,portland,2003.0
huller01,portland,2001.0
huller01,portland,2002.0
haleda02,princeton,2007.0
haleda02,princeton,2008.0
haleda02,princeton,2009.0
ohlenro01,princeton,2002.0
ohlenro01,princeton,2003.0
ohlenro01,princeton,2004.0
venabwi01,princeton,2003.0
venabwi01,princeton,2004.0
venabwi01,princeton,2005.0
youngch03,princeton,2000.0
ekstrmi01,ptlomanaz,2004.0
kellydo01,ptparkpa,2000.0
kellydo01,ptparkpa,2001.0
buentja01,purdue,2003.0
buentja01,purdue,2004.0
buentja01,purdue,2005.0
buentja01,purdue,2006.0
gassnda01,purdue,2000.0
gassnda01,purdue,2001.0
lindbjo01,purdue,2007.0
lindbjo01,purdue,2008.0
kinnejo01,quincy,2000.0
kinnejo01,quincy,2001.0
rabejo01,quincy,2000.0
speiery01,radford,2000.0
speiery01,radford,2001.0
aardsda01,rice,2002.0
aardsda01,rice,2003.0
barziph01,rice,2000.0
barziph01,rice,2001.0
cingrto01,rice,2010.0
cingrto01,rice,2011.0
geerjo01,rice,2005.0
gwynma01,rice,2000.0
holtbr01,rice,2009.0
humbeph01,rice,2002.0
humbeph01,rice,2003.0
humbeph01,rice,2004.0
janispa01,rice,2002.0
janispa01,rice,2003.0
janispa01,rice,2004.0
langwma01,rice,2007.0
langwma01,rice,2008.0
luetglu01,rice,2008.0
niemaje01,rice,2002.0
niemaje01,rice,2003.0
niemaje01,rice,2004.0
pendlla01,rice,2003.0
pendlla01,rice,2004.0
pendlla01,rice,2005.0
rendoan01,rice,2009.0
rendoan01,rice,2010.0
rendoan01,rice,2011.0
rodrijo05,rice,2004.0
rodrijo05,rice,2005.0
rodrijo05,rice,2006.0
saverjo01,rice,2005.0
saverjo01,rice,2006.0
saverjo01,rice,2007.0
stanscr01,rice,2003.0
mahonjo01,richmond,2005.0
mahonjo01,richmond,2006.0
mahonjo01,richmond,2007.0
smithmi06,richmond,2000.0
staufti01,richmond,2001.0
staufti01,richmond,2002.0
staufti01,richmond,2003.0
barryke01,rider,2000.0
barryke01,rider,2001.0
hoeyja02,rider,2001.0
hoeyja02,rider,2002.0
hoeyja02,rider,2003.0
hanigry01,rollins,2000.0
hanigry01,rollins,2001.0
hanigry01,rollins,2002.0
bergmja01,rutgers,2000.0
bergmja01,rutgers,2001.0
bergmja01,rutgers,2002.0
dejesda01,rutgers,2000.0
egberja01,rutgers,2002.0
egberja01,rutgers,2003.0
egberja01,rutgers,2004.0
frazije01,rutgers,2003.0
frazije01,rutgers,2004.0
frazito01,rutgers,2005.0
frazito01,rutgers,2006.0
frazito01,rutgers,2007.0
majewva01,rutgers,2000.0
majewva01,rutgers,2001.0
majewva01,rutgers,2002.0
freesda01,salabama,2005.0
freesda01,salabama,2006.0
lindad01,salabama,2003.0
lindad01,salabama,2004.0
waltepj01,salabama,2004.0
waltepj01,salabama,2005.0
waltepj01,salabama,2006.0
wasseeh01,samford,2002.0
wasseeh01,samford,2003.0
langwma01,samhouston,2005.0
tatajo01,samhouston,2002.0
tatajo01,samhouston,2003.0
butlejo03,sandiego,2004.0
butlejo03,sandiego,2005.0
butlejo03,sandiego,2006.0
griffaj01,sandiego,2007.0
griffaj01,sandiego,2008.0
griffaj01,sandiego,2009.0
griffaj01,sandiego,2010.0
matusbr01,sandiego,2006.0
matusbr01,sandiego,2007.0
matusbr01,sandiego,2008.0
mccoymi01,sandiego,2000.0
mccoymi01,sandiego,2001.0
mccoymi01,sandiego,2002.0
reeseke01,sandiego,2000.0
sandofr01,sandiego,2002.0
sandofr01,sandiego,2003.0
sandofr01,sandiego,2004.0
slamaan01,sandiego,2006.0
walteza01,sandiego,2008.0
walteza01,sandiego,2009.0
walteza01,sandiego,2010.0
berryqu01,sandiegost,2005.0
berryqu01,sandiegost,2006.0
billibr02,sandiegost,2004.0
billibr02,sandiegost,2005.0
billibr02,sandiegost,2006.0
billibr02,sandiegost,2007.0
gonzaed02,sandiegost,2000.0
gwynnto02,sandiegost,2001.0
gwynnto02,sandiegost,2002.0
gwynnto02,sandiegost,2003.0
hinshal01,sandiegost,2005.0
masteju01,sandiegost,2006.0
reedad01,sandiegost,2008.0
reedad01,sandiegost,2009.0
reedad01,sandiegost,2010.0
ringro01,sandiegost,2000.0
ringro01,sandiegost,2001.0
ringro01,sandiegost,2002.0
strasst01,sandiegost,2007.0
strasst01,sandiegost,2008.0
strasst01,sandiegost,2009.0
zawadla01,sandiegost,2004.0
zawadla01,sandiegost,2005.0
zawadla01,sandiegost,2006.0
cousisc01,sanfran,2004.0
cousisc01,sanfran,2005.0
cousisc01,sanfran,2006.0
foppeje01,sanfran,2000.0
foppeje01,sanfran,2001.0
poredaa01,sanfran,2005.0
poredaa01,sanfran,2006.0
poredaa01,sanfran,2007.0
batesaa01,sanjosest,2003.0
frandke01,sanjosest,2001.0
frandke01,sanjosest,2002.0
frandke01,sanjosest,2003.0
frandke01,sanjosest,2004.0
kilbybr01,sanjosest,2002.0
kilbybr01,sanjosest,2003.0
kilbybr01,sanjosest,2004.0
kilbybr01,sanjosest,2005.0
torreca01,sanjosest,2003.0
hugheja02,santaclara,2004.0
jakubch01,santaclara,2000.0
medicto01,santaclara,2008.0
medicto01,santaclara,2009.0
medicto01,santaclara,2010.0
stutemi01,santaclara,2005.0
bradlja02,scarolina,2009.0
bradlja02,scarolina,2010.0
bradlja02,scarolina,2011.0
bucknbi02,scarolina,2004.0
buschbr01,scarolina,2002.0
buschbr01,scarolina,2003.0
chiselo01,scarolina,2007.0
coutljo01,scarolina,2002.0
coutljo01,scarolina,2003.0
darneja01,scarolina,2006.0
darneja01,scarolina,2007.0
darneja01,scarolina,2008.0
dysonsa01,scarolina,2008.0
dysonsa01,scarolina,2009.0
dysonsa01,scarolina,2010.0
gronkle01,scarolina,2000.0
gronkle01,scarolina,2001.0
hembrhe01,scarolina,2008.0
mcbetma01,scarolina,2000.0
mcbetma01,scarolina,2001.0
melilke01,scarolina,2001.0
melilke01,scarolina,2002.0
melilke01,scarolina,2003.0
melilke01,scarolina,2004.0
meyerdr01,scarolina,2000.0
meyerdr01,scarolina,2001.0
meyerdr01,scarolina,2002.0
pearcst01,scarolina,2004.0
pearcst01,scarolina,2005.0
powella01,scarolina,2001.0
powella01,scarolina,2002.0
powella01,scarolina,2003.0
powella01,scarolina,2004.0
rothmi01,scarolina,2009.0
rothmi01,scarolina,2010.0
rothmi01,scarolina,2011.0
rothmi01,scarolina,2012.0
smoakju01,scarolina,2006.0
smoakju01,scarolina,2007.0
smoakju01,scarolina,2008.0
tollest01,scarolina,2003.0
tollest01,scarolina,2004.0
tollest01,scarolina,2005.0
edginjo01,scfranc,2009.0
edginjo01,scfranc,2010.0
kohnmi01,scupsta,2005.0
kohnmi01,scupsta,2006.0
thielca01,sdakotast,2006.0
thielca01,sdakotast,2007.0
thielca01,sdakotast,2008.0
thielca01,sdakotast,2009.0
mitrese01,sdcity,2000.0
mitrese01,sdcity,2001.0
clevest01,sela,2005.0
mileywa01,sela,2006.0
mileywa01,sela,2007.0
mileywa01,sela,2008.0
chrisju01,semost,2003.0
hillst01,sfaustin,2006.0
hillst01,sfaustin,2007.0
clarkda06,sfcc,2000.0
clarkda06,sfcc,2001.0
litscje01,sfcc,2004.0
litscje01,sfcc,2005.0
raburry01,sfcc,2000.0
waterch01,sfcc,2000.0
baislje01,sflorida,2002.0
baislje01,sflorida,2003.0
baislje01,sflorida,2004.0
baislje01,sflorida,2005.0
oteroda01,sflorida,2007.0
lannajo01,siena,2003.0
lannajo01,siena,2004.0
lannajo01,siena,2005.0
zavadcl01,silledward,2005.0
zavadcl01,silledward,2006.0
mastrda01,sindiana,2006.0
mastrda01,sindiana,2007.0
adamsma01,sliprock,2007.0
adamsma01,sliprock,2008.0
adamsma01,sliprock,2009.0
doziebr01,smiss,2006.0
doziebr01,smiss,2007.0
doziebr01,smiss,2008.0
doziebr01,smiss,2009.0
hoffpja01,smiss,2002.0
hoffpja01,smiss,2003.0
hoffpja01,smiss,2004.0
leachbr01,smiss,2002.0
leachbr01,smiss,2003.0
mccrobo01,smiss,2001.0
mccrobo01,smiss,2002.0
mccrobo01,smiss,2003.0
baronda01,sonomast,2004.0
everito01,sonomast,2002.0
everito01,sonomast,2003.0
everito01,sonomast,2004.0
dayde01,southernu,2000.0
dayde01,southernu,2001.0
dayde01,southernu,2002.0
dayde01,southernu,2003.0
lewisfr02,southernu,2002.0
weeksri01,southernu,2001.0
weeksri01,southernu,2002.0
weeksri01,southernu,2003.0
borchjo01,stanford,2000.0
brunter01,stanford,2000.0
cartech01,stanford,2002.0
cartech01,stanford,2003.0
cartech01,stanford,2004.0
castrja01,stanford,2006.0
castrja01,stanford,2007.0
castrja01,stanford,2008.0
daviser02,stanford,2005.0
daviser02,stanford,2006.0
daviser02,stanford,2007.0
daviser02,stanford,2008.0
fuldsa01,stanford,2001.0
fuldsa01,stanford,2002.0
fuldsa01,stanford,2003.0
fuldsa01,stanford,2004.0
galljo01,stanford,2000.0
garkory01,stanford,2000.0
garkory01,stanford,2001.0
garkory01,stanford,2002.0
garkory01,stanford,2003.0
goslimi01,stanford,2000.0
goslimi01,stanford,2001.0
guthrje01,stanford,2001.0
guthrje01,stanford,2002.0
hestejo01,stanford,2003.0
hestejo01,stanford,2004.0
hestejo01,stanford,2005.0
hestejo01,stanford,2006.0
lowrije01,stanford,2003.0
lowrije01,stanford,2004.0
lowrije01,stanford,2005.0
lucydo01,stanford,2002.0
lucydo01,stanford,2003.0
lucydo01,stanford,2004.0
maybejo02,stanford,2003.0
maybejo02,stanford,2004.0
maybejo02,stanford,2005.0
phelpco01,stanford,2006.0
phelpco01,stanford,2007.0
phelpco01,stanford,2008.0
putnada01,stanford,2002.0
putnada01,stanford,2003.0
putnada01,stanford,2004.0
quentca01,stanford,2001.0
quentca01,stanford,2002.0
quentca01,stanford,2003.0
reynogr01,stanford,2004.0
reynogr01,stanford,2005.0
reynogr01,stanford,2006.0
storedr01,stanford,2008.0
storedr01,stanford,2009.0
taylomi01,stanford,2005.0
taylomi01,stanford,2006.0
taylomi01,stanford,2007.0
wayneju01,stanford,2000.0
youngja01,stanford,2000.0
bococbr01,stetson,2004.0
bococbr01,stetson,2005.0
bococbr01,stetson,2006.0
dinarle01,stetson,2000.0
dinarle01,stetson,2001.0
johnsch05,stetson,2005.0
johnsch05,stetson,2006.0
klubeco01,stetson,2005.0
klubeco01,stetson,2006.0
klubeco01,stetson,2007.0
barnesc01,stjohns,2006.0
barnesc01,stjohns,2007.0
barnesc01,stjohns,2008.0
hansecr01,stjohns,2003.0
hansecr01,stjohns,2004.0
hansecr01,stjohns,2005.0
varvaan01,stjohns,2003.0
varvaan01,stjohns,2004.0
varvaan01,stjohns,2005.0
teahema01,stmarysca,2000.0
teahema01,stmarysca,2001.0
teahema01,stmarysca,2002.0
guevaca01,stmarytx,2001.0
guevaca01,stmarytx,2002.0
guevaca01,stmarytx,2003.0
koehlto01,stonybrook,2005.0
koehlto01,stonybrook,2006.0
koehlto01,stonybrook,2007.0
koehlto01,stonybrook,2008.0
chulkvi01,stthomasfl,2000.0
gregelu01,stxavieril,2003.0
gregelu01,stxavieril,2004.0
gregelu01,stxavieril,2005.0
gregelu01,stxavieril,2006.0
detwiro01,swmost,2005.0
detwiro01,swmost,2006.0
detwiro01,swmost,2007.0
grayje02,swmost,2001.0
grayje02,swmost,2002.0
grayje02,swmost,2003.0
grayje02,swmost,2004.0
howarry01,swmost,2000.0
howarry01,swmost,2001.0
kickhmi01,swmost,2010.0
marcush01,swmost,2002.0
marcush01,swmost,2003.0
palmema01,swmost,2001.0
palmema01,swmost,2002.0
rheinjo01,swmost,2000.0
rheinjo01,swmost,2001.0
sinkbbr01,swmost,2004.0
sinkbbr01,swmost,2005.0
sinkbbr01,swmost,2006.0
zieglbr01,swmost,2000.0
zieglbr01,swmost,2001.0
zieglbr01,swmost,2002.0
zieglbr01,swmost,2003.0
fieldth01,swtexas,2006.0
fieldth01,swtexas,2007.0
fieldth01,swtexas,2008.0
goldspa01,swtexas,2007.0
goldspa01,swtexas,2008.0
goldspa01,swtexas,2009.0
mannich01,tampa,2000.0
mannich01,tampa,2001.0
rabelmi01,tampa,2000.0
rabelmi01,tampa,2001.0
adamsmi03,tamukvill,2000.0
adamsmi03,tamukvill,2001.0
arencjp01,tennessee,2005.0
arencjp01,tennessee,2006.0
arencjp01,tennessee,2007.0
borboju01,tennessee,2005.0
borboju01,tennessee,2006.0
borboju01,tennessee,2007.0
burkech01,tennessee,2000.0
burkech01,tennessee,2001.0
dejonjo01,tennessee,2000.0
gomesya01,tennessee,2007.0
gomesya01,tennessee,2008.0
headlch01,tennessee,2004.0
headlch01,tennessee,2005.0
heathde01,tennessee,2006.0
hochelu01,tennessee,2003.0
hochelu01,tennessee,2004.0
hochelu01,tennessee,2005.0
lindbjo01,tennessee,2006.0
beltbr01,texas,2008.0
beltbr01,texas,2009.0
danksjo02,texas,2006.0
danksjo02,texas,2007.0
danksjo02,texas,2008.0
espinge01,texas,2001.0
espinge01,texas,2002.0
espinge01,texas,2003.0
faheybr01,texas,2002.0
halsebr01,texas,2002.0
hollimi01,texas,2002.0
hollimi01,texas,2003.0
hollimi01,texas,2004.0
howeljp01,texas,2003.0
howeljp01,texas,2004.0
knebeco01,texas,2011.0
knebeco01,texas,2012.0
knebeco01,texas,2013.0
princjo01,texas,2007.0
quintom01,texas,2001.0
quintom01,texas,2002.0
quintom01,texas,2003.0
ruffich01,texas,2008.0
ruffich01,texas,2009.0
ruffich01,texas,2010.0
ruppca01,texas,2008.0
ruppca01,texas,2009.0
ruppca01,texas,2010.0
russeja02,texas,2007.0
seibeph01,texas,2000.0
streehu01,texas,2002.0
streehu01,texas,2003.0
streehu01,texas,2004.0
stubbdr01,texas,2004.0
stubbdr01,texas,2005.0
stubbdr01,texas,2006.0
teagata01,texas,2003.0
teagata01,texas,2004.0
teagata01,texas,2005.0
thigpcu01,texas,2002.0
thigpcu01,texas,2003.0
thigpcu01,texas,2004.0
workmbr01,texas,2008.0
workmbr01,texas,2009.0
workmbr01,texas,2010.0
hicksbr01,texasam,2007.0
jacksza01,texasam,2004.0
kensilo01,texasam,2002.0
pennicl01,texasam,2003.0
pennicl01,texasam,2004.0
pennicl01,texasam,2005.0
raleybr01,texasam,2008.0
raleybr01,texasam,2009.0
rayro01,texasam,2003.0
rayro01,texasam,2004.0
rayro01,texasam,2005.0
reeder01,texasam,2000.0
reeder01,texasam,2001.0
reeder01,texasam,2002.0
ruggiju01,texasam,2003.0
ruggiju01,texasam,2004.0
vasquan01,texasam,2006.0
wachami01,texasam,2010.0
wachami01,texasam,2011.0
wachami01,texasam,2012.0
whelake01,texasam,2003.0
whelake01,texasam,2004.0
whelake01,texasam,2005.0
wilsoal01,texasam,2009.0
davisja02,tncleve,2000.0
pryorst01,tntech,2010.0
maiermi01,toledo,2001.0
maiermi01,toledo,2002.0
maiermi01,toledo,2003.0
wellsca01,towson,2003.0
wellsca01,towson,2004.0
wellsca01,towson,2005.0
baylijo01,trinityct,2000.0
baylijo01,trinityct,2001.0
baylijo01,trinityct,2002.0
robincl01,troyst,2004.0
robincl01,troyst,2005.0
robincl01,troyst,2006.0
robincl01,troyst,2007.0
aubremi01,tulane,2001.0
aubremi01,tulane,2002.0
aubremi01,tulane,2003.0
bogusbr01,tulane,2003.0
bogusbr01,tulane,2004.0
bogusbr01,tulane,2005.0
cannian01,tulane,2000.0
cannian01,tulane,2001.0
claibpr01,tulane,2007.0
claibpr01,tulane,2008.0
claibpr01,tulane,2009.0
claibpr01,tulane,2010.0
emausbr01,tulane,2005.0
emausbr01,tulane,2006.0
emausbr01,tulane,2007.0
giarrto01,tulane,2001.0
giarrto01,tulane,2002.0
giarrto01,tulane,2003.0
gomesbr01,tulane,2003.0
gomesbr01,tulane,2004.0
gomesbr01,tulane,2005.0
gomesbr01,tulane,2006.0
hamilma01,tulane,2004.0
hamilma01,tulane,2005.0
hamilma01,tulane,2006.0
loupaa01,tulane,2007.0
loupaa01,tulane,2008.0
loupaa01,tulane,2009.0
manzeto01,tulane,2002.0
manzeto01,tulane,2003.0
manzeto01,tulane,2004.0
manzeto01,tulane,2005.0
owingmi01,tulane,2005.0
princjo01,tulane,2008.0
princjo01,tulane,2009.0
zeidjo01,tulane,2008.0
zeidjo01,tulane,2009.0
henslcl01,txalvin,2000.0
henslcl01,txalvin,2001.0
buchhcl01,txangjc,2005.0
ruggiju01,txblinn,2001.0
ruggiju01,txblinn,2002.0
arrieja01,txchrist,2006.0
arrieja01,txchrist,2007.0
broadla01,txchrist,2005.0
carpema01,txchrist,2005.0
carpema01,txchrist,2006.0
carpema01,txchrist,2007.0
carpema01,txchrist,2008.0
carpema01,txchrist,2009.0
cashnan01,txchrist,2008.0
demelsa01,txchrist,2005.0
demelsa01,txchrist,2006.0
demelsa01,txchrist,2007.0
durange01,txchrist,2004.0
espinge01,txchrist,2004.0
finnebr01,txchrist,2012.0
finnebr01,txchrist,2013.0
finnebr01,txchrist,2014.0
holadbr01,txchrist,2008.0
holadbr01,txchrist,2009.0
holadbr01,txchrist,2010.0
huffmch01,txchrist,2004.0
huffmch01,txchrist,2005.0
huffmch01,txchrist,2006.0
rohliry01,txclare,2003.0
towlejr01,txcolli,2003.0
roberry01,txeastf,2001.0
roberry01,txgalve,2000.0
diazvi01,txgrays,2001.0
faheybr01,txgrays,2000.0
faheybr01,txgrays,2001.0
larocan01,txgrays,2003.0
mockga01,txgrays,2002.0
thompke01,txgrays,2000.0
evelada01,txhillj,2002.0
halsebr01,txhillj,2000.0
halsebr01,txhillj,2001.0
montzlu01,txhillj,2003.0
sadlera01,txhillj,2000.0
smithbu03,txhowar,2009.0
smithbu03,txhowar,2010.0
hoffpmi01,txlonmo,2000.0
hennse01,txmclen,2000.0
hennse01,txmclen,2001.0
davisch02,txnavar,2005.0
davisch02,txnavar,2006.0
geerjo01,txnavar,2003.0
geerjo01,txnavar,2004.0
hartke01,txnavar,2002.0
hartke01,txnavar,2003.0
stanscr01,txnctjc,2001.0
stanscr01,txnctjc,2002.0
towlejr01,txnctjc,2004.0
alberma01,txsjjcn,2002.0
crainje01,txsjjcn,2000.0
crainje01,txsjjcn,2001.0
stavini01,txsjjcn,2002.0
stavini01,txsjjcn,2003.0
wellsja02,txsjjcn,2003.0
bettich01,txtech,2008.0
bettich01,txtech,2009.0
bettich01,txtech,2010.0
bradeda01,txtech,2004.0
hynesco01,txtech,2006.0
hynesco01,txtech,2007.0
karnsna01,txtech,2008.0
karnsna01,txtech,2009.0
karstje01,txtech,2003.0
kiescro01,txtech,2006.0
kiescro01,txtech,2007.0
kiescro01,txtech,2008.0
lunsftr01,txtech,2000.0
ramosaj01,txtech,2006.0
ramosaj01,txtech,2007.0
ramosaj01,txtech,2008.0
ramosaj01,txtech,2009.0
richadu02,txtech,2005.0
richadu02,txtech,2006.0
stewaza01,txtech,2008.0
tomlijo01,txtech,2006.0
loganbo02,txtempl,2003.0
pencehu01,txtexar,2002.0
wellsja02,txtyler,2002.0
gattiev01,txutper1973,2010.0
durange01,txweath,2005.0
descada01,ucdavis,2005.0
descada01,ucdavis,2006.0
descada01,ucdavis,2007.0
axelrdy01,ucirvine,2006.0
axelrdy01,ucirvine,2007.0
huffda01,ucirvine,2004.0
peterbr01,ucirvine,2005.0
peterbr01,ucirvine,2006.0
peterbr01,ucirvine,2007.0
tracese01,ucirvine,2002.0
ambrihe01,ucla,2003.0
ambrihe01,ucla,2004.0
ambrihe01,ucla,2005.0
ambrihe01,ucla,2006.0
atkinga01,ucla,2000.0
bauertr01,ucla,2009.0
bauertr01,ucla,2010.0
bauertr01,ucla,2011.0
brewech01,ucla,2007.0
brewech01,ucla,2008.0
brewech01,ucla,2009.0
brummty01,ucla,2006.0
brummty01,ucla,2007.0
colege01,ucla,2009.0
colege01,ucla,2010.0
colege01,ucla,2011.0
crawfbr01,ucla,2006.0
crawfbr01,ucla,2007.0
crawfbr01,ucla,2008.0
curtije01,ucla,2006.0
curtije01,ucla,2007.0
curtije01,ucla,2008.0
francbe01,ucla,2001.0
francbe01,ucla,2002.0
huffda01,ucla,2006.0
janssca01,ucla,2001.0
janssca01,ucla,2002.0
janssca01,ucla,2003.0
janssca01,ucla,2004.0
roenijo01,ucla,2003.0
roenijo01,ucla,2004.0
roenijo01,ucla,2005.0
roenijo01,ucla,2006.0
utleych01,ucla,2000.0
whislwe01,ucla,2002.0
whislwe01,ucla,2003.0
whislwe01,ucla,2004.0
carlsje01,uconn,2000.0
carlsje01,uconn,2001.0
carlsje01,uconn,2002.0
esposbr01,uconn,2000.0
fulchje01,uconn,2000.0
fulchje01,uconn,2001.0
oltmi01,uconn,2008.0
oltmi01,uconn,2009.0
oltmi01,uconn,2010.0
brantro01,ucriver,2009.0
brantro01,ucriver,2010.0
claggan01,ucriver,2003.0
claggan01,ucriver,2004.0
claggan01,ucriver,2005.0
kellyjo05,ucriver,2007.0
kellyjo05,ucriver,2008.0
kellyjo05,ucriver,2009.0
runzlda01,ucriver,2005.0
runzlda01,ucriver,2006.0
runzlda01,ucriver,2007.0
rzepcma01,ucriver,2004.0
rzepcma01,ucriver,2005.0
rzepcma01,ucriver,2006.0
rzepcma01,ucriver,2007.0
smithch07,ucriver,2000.0
smithch07,ucriver,2001.0
smithch07,ucriver,2002.0
stangda01,ucriver,2004.0
stangda01,ucriver,2005.0
stangda01,ucriver,2006.0
schumsk01,ucsb,2000.0
schumsk01,ucsb,2001.0
spilbry01,ucsb,2000.0
spilbry01,ucsb,2001.0
spilbry01,ucsb,2002.0
valaich01,ucsb,2004.0
valaich01,ucsb,2005.0
valaich01,ucsb,2006.0
vasquvi01,ucsb,2001.0
vasquvi01,ucsb,2002.0
vasquvi01,ucsb,2003.0
beckch01,ulala,2006.0
dohmasc01,ulala,2000.0
farquda01,ulala,2006.0
farquda01,ulala,2007.0
farquda01,ulala,2008.0
lucrojo01,ulala,2005.0
lucrojo01,ulala,2006.0
lucrojo01,ulala,2007.0
milleji02,ulamo,2003.0
milleji02,ulamo,2004.0
selfto01,ulamo,2000.0
gorneni01,umass,2000.0
gorneni01,umass,2001.0
ackledu01,unc,2007.0
ackledu01,unc,2008.0
ackledu01,unc,2009.0
adamsru01,unc,2000.0
adamsru01,unc,2001.0
adamsru01,unc,2002.0
bardda01,unc,2004.0
bardda01,unc,2005.0
bardda01,unc,2006.0
carigan01,unc,2005.0
carigan01,unc,2006.0
carigan01,unc,2007.0
federti01,unc,2006.0
federti01,unc,2007.0
federti01,unc,2008.0
godwity01,unc,2000.0
godwity01,unc,2001.0
greenad01,unc,2000.0
greenad01,unc,2001.0
greenad01,unc,2002.0
harvema01,unc,2008.0
harvema01,unc,2009.0
harvema01,unc,2010.0
iannech01,unc,2002.0
iannech01,unc,2003.0
iannech01,unc,2004.0
millean01,unc,2004.0
millean01,unc,2005.0
millean01,unc,2006.0
putkolu01,unc,2006.0
putkolu01,unc,2007.0
seageky01,unc,2007.0
seageky01,unc,2008.0
seageky01,unc,2009.0
snarery01,unc,2000.0
warread01,unc,2006.0
warread01,unc,2007.0
warread01,unc,2008.0
warread01,unc,2009.0
whiteal01,unc,2007.0
whiteal01,unc,2008.0
whiteal01,unc,2009.0
wootero01,unc,2005.0
wootero01,unc,2006.0
wootero01,unc,2007.0
wootero01,unc,2008.0
campato01,uncashe,2005.0
campato01,uncashe,2006.0
mattike01,uncashe,2005.0
mattike01,uncashe,2006.0
mattike01,uncashe,2007.0
mattike01,uncashe,2008.0
valenda01,uncgreen,2004.0
hatchch02,uncwilm,2004.0
hatchch02,uncwilm,2005.0
hatchch02,uncwilm,2006.0
raynojo01,uncwilm,2003.0
raynojo01,uncwilm,2004.0
raynojo01,uncwilm,2005.0
raynojo01,uncwilm,2006.0
braunry01,unlv,2003.0
navaref01,unlv,2005.0
navaref01,unlv,2006.0
navaref01,unlv,2007.0
bannibr01,usc,2000.0
bannibr01,usc,2001.0
bannibr01,usc,2003.0
boxbebr01,usc,2007.0
boxbebr01,usc,2008.0
boxbebr01,usc,2009.0
bussni01,usc,2007.0
bussni01,usc,2008.0
chicoma01,usc,2002.0
clemeje01,usc,2003.0
clemeje01,usc,2004.0
clemeje01,usc,2005.0
cookry01,usc,2006.0
cookry01,usc,2007.0
cookry01,usc,2008.0
dudalu01,usc,2005.0
dudalu01,usc,2006.0
dudalu01,usc,2007.0
florero01,usc,2000.0
greengr01,usc,2007.0
greengr01,usc,2008.0
greengr01,usc,2009.0
howeljp01,usc,2002.0
kenneia01,usc,2004.0
kenneia01,usc,2005.0
kenneia01,usc,2006.0
milonto01,usc,2006.0
milonto01,usc,2007.0
milonto01,usc,2008.0
priorma01,usc,2000.0
priorma01,usc,2001.0
reyesan01,usc,2000.0
reyesan01,usc,2001.0
reyesan01,usc,2002.0
reyesan01,usc,2003.0
vasquan01,usc,2007.0
vasquan01,usc,2008.0
vasquan01,usc,2009.0
fifest01,utah,2007.0
fifest01,utah,2008.0
sheltch01,utah,2001.0
mickoka01,utahvalley,2005.0
mickoka01,utahvalley,2006.0
choicmi01,utarl,2008.0
choicmi01,utarl,2009.0
choicmi01,utarl,2010.0
geedi01,utarl,2005.0
geedi01,utarl,2006.0
geedi01,utarl,2007.0
lowema01,utarl,2002.0
lowema01,utarl,2004.0
mooread01,utarl,2006.0
ortmeda01,utarl,2000.0
ortmeda01,utarl,2001.0
ortmeda01,utarl,2002.0
pencehu01,utarl,2003.0
pencehu01,utarl,2004.0
roberry01,utarl,2002.0
roberry01,utarl,2003.0
lyonbr01,utdixie,2000.0
thompbr01,utdixie,2001.0
thompbr01,utdixie,2002.0
murraaj01,utslxxo,2001.0
sheltch01,utslxxo,2000.0
kratzer01,vaemenn,2002.0
alvarpe01,vandy,2006.0
alvarpe01,vandy,2007.0
alvarpe01,vandy,2008.0
baxtemi01,vandy,2004.0
baxtemi01,vandy,2005.0
chrisni01,vandy,2006.0
chrisni01,vandy,2007.0
chrisni01,vandy,2008.0
chrisni01,vandy,2009.0
flahery01,vandy,2006.0
flahery01,vandy,2007.0
flahery01,vandy,2008.0
grayso01,vandy,2009.0
grayso01,vandy,2010.0
grayso01,vandy,2011.0
lewisje01,vandy,2003.0
lewisje01,vandy,2004.0
lewisje01,vandy,2005.0
minormi01,vandy,2007.0
minormi01,vandy,2008.0
minormi01,vandy,2009.0
priceda01,vandy,2005.0
priceda01,vandy,2006.0
priceda01,vandy,2007.0
richaan01,vandy,2004.0
richaan01,vandy,2005.0
sowerje01,vandy,2002.0
sowerje01,vandy,2003.0
sowerje01,vandy,2004.0
zeidjo01,vandy,2006.0
zeidjo01,vandy,2007.0
saundjo01,vatech,2000.0
saundjo01,vatech,2001.0
saundjo01,vatech,2002.0
toregwy01,vatech,2002.0
toregwy01,vatech,2003.0
toregwy01,vatech,2004.0
duboija01,vcu,2000.0
eppleco01,vcu,2005.0
eppleco01,vcu,2006.0
eppleco01,vcu,2007.0
eppleco01,vcu,2008.0
linkjo01,vcu,2003.0
linkjo01,vcu,2004.0
marshse01,vcu,2001.0
marshse01,vcu,2002.0
marshse01,vcu,2003.0
meredcl01,vcu,2002.0
meredcl01,vcu,2003.0
meredcl01,vcu,2004.0
sizemsc01,vcu,2004.0
sizemsc01,vcu,2005.0
sizemsc01,vcu,2006.0
mulveke01,villanova,2004.0
mulveke01,villanova,2005.0
mulveke01,villanova,2006.0
slocubr01,villanova,2000.0
slocubr01,villanova,2001.0
slocubr01,villanova,2002.0
adamsda02,virginia,2006.0
adamsda02,virginia,2007.0
adamsda02,virginia,2008.0
crockky01,virginia,2011.0
crockky01,virginia,2012.0
crockky01,virginia,2013.0
doolise01,virginia,2005.0
doolise01,virginia,2006.0
doolise01,virginia,2007.0
gosseph01,virginia,2008.0
gosseph01,virginia,2009.0
gosseph01,virginia,2010.0
guyerbr01,virginia,2005.0
guyerbr01,virginia,2006.0
guyerbr01,virginia,2007.0
koshajo01,virginia,2001.0
koshajo01,virginia,2002.0
koshajo01,virginia,2003.0
koshajo01,virginia,2004.0
reynoma01,virginia,2002.0
reynoma01,virginia,2003.0
reynoma01,virginia,2004.0
schwimi01,virginia,2005.0
schwimi01,virginia,2006.0
schwimi01,virginia,2007.0
schwimi01,virginia,2008.0
zimmery01,virginia,2003.0
zimmery01,virginia,2004.0
zimmery01,virginia,2005.0
rapadcl01,virginiast,2000.0
rapadcl01,virginiast,2001.0
rapadcl01,virginiast,2002.0
meekev01,wabelle,2003.0
orvelch01,wacolum,2000.0
orvelch01,wacolum,2001.0
taubety01,waedmon,2002.0
taubety01,waedmon,2003.0
cunniaa01,waevere,2005.0
bailean01,wagner,2003.0
bailean01,wagner,2004.0
bailean01,wagner,2005.0
bailean01,wagner,2006.0
pattoda01,wagreen,2003.0
pattoda01,wagreen,2004.0
antonma01,wake,2004.0
antonma01,wake,2005.0
antonma01,wake,2006.0
braunry01,wake,2000.0
braunry01,wake,2001.0
braunry01,wake,2002.0
bushda01,wake,2000.0
bushda01,wake,2001.0
bushda01,wake,2002.0
dantoja01,wake,2001.0
dantoja01,wake,2002.0
dantoja01,wake,2003.0
getzch01,wake,2003.0
sullico01,wake,2000.0
sullico01,wake,2001.0
hagadni01,washington,2005.0
hagadni01,washington,2006.0
hagadni01,washington,2007.0
haguema01,washington,2005.0
haguema01,washington,2006.0
haguema01,washington,2007.0
lillibr01,washington,2003.0
lillibr01,washington,2004.0
lillibr01,washington,2005.0
linceti01,washington,2004.0
linceti01,washington,2005.0
linceti01,washington,2006.0
lindeto01,washington,2000.0
whitese02,washington,2000.0
whitese02,washington,2001.0
whitese02,washington,2002.0
whitese02,washington,2003.0
bonined01,washst,2002.0
morgany01,wawalla,2001.0
morgany01,wawalla,2002.0
bassan01,waynest,2006.0
bassan01,waynest,2007.0
bassan01,waynest,2008.0
burtoja01,wcarolina,2000.0
burtoja01,wcarolina,2001.0
burtoja01,wcarolina,2002.0
hollagr01,wcarolina,2005.0
hollagr01,wcarolina,2006.0
hollagr01,wcarolina,2007.0
thomach01,wcarolina,2000.0
denorch01,wheatonma,2000.0
denorch01,wheatonma,2001.0
denorch01,wheatonma,2002.0
clarkco01,wichitast,2003.0
dirksan01,wichitast,2007.0
dirksan01,wichitast,2008.0
flynnbr01,wichitast,2009.0
flynnbr01,wichitast,2011.0
gillaco01,wichitast,2006.0
gillaco01,wichitast,2007.0
gillaco01,wichitast,2008.0
hillko01,wichitast,2000.0
hottoto01,wichitast,2002.0
hottoto01,wichitast,2003.0
hottoto01,wichitast,2004.0
johnskr01,wichitast,2004.0
johnskr01,wichitast,2005.0
johnskr01,wichitast,2006.0
pelfrmi01,wichitast,2003.0
pelfrmi01,wichitast,2004.0
pelfrmi01,wichitast,2005.0
peterad02,wichitast,2000.0
peterad02,wichitast,2001.0
peterad02,wichitast,2002.0
rottivi01,wilacrosse,2000.0
rottivi01,wilacrosse,2001.0
rottivi01,wilacrosse,2002.0
braybi01,willmary,2002.0
braybi01,willmary,2003.0
braybi01,willmary,2004.0
harribr01,willmary,2000.0
harribr01,willmary,2001.0
raych01,willmary,2001.0
raych01,willmary,2002.0
raych01,willmary,2003.0
rhymewi01,willmary,2002.0
rhymewi01,willmary,2003.0
rhymewi01,willmary,2004.0
rhymewi01,willmary,2005.0
lerouch01,winthrop,2003.0
lerouch01,winthrop,2004.0
lerouch01,winthrop,2005.0
mastrda01,winthrop,2005.0
sloweke01,winthrop,2003.0
sloweke01,winthrop,2004.0
sloweke01,winthrop,2005.0
zimmejo02,wistvnspt,2005.0
zimmejo02,wistvnspt,2006.0
zimmejo02,wistvnspt,2007.0
mischpa01,wmichigan,2000.0
mischpa01,wmichigan,2001.0
mischpa01,wmichigan,2002.0
mischpa01,wmichigan,2003.0
rosalad01,wmichigan,2002.0
rosalad01,wmichigan,2003.0
rosalad01,wmichigan,2004.0
rosalad01,wmichigan,2005.0
smithjo05,wrightst,2004.0
smithjo05,wrightst,2005.0
smithjo05,wrightst,2006.0
carpeda01,wvirginia,2004.0
carpeda01,wvirginia,2005.0
carpeda01,wvirginia,2006.0
gyorkje01,wvirginia,2008.0
gyorkje01,wvirginia,2009.0
gyorkje01,wvirginia,2010.0
nippedu01,wvirginia,2002.0
pattesc01,wvstate,2001.0
pattesc01,wvstate,2002.0
leesmch01,xavier,2006.0
leesmch01,xavier,2007.0
leesmch01,xavier,2008.0
breslcr01,yale,2000.0
breslcr01,yale,2001.0
breslcr01,yale,2002.0
lavarry01,yale,2006.0
lavarry01,yale,2007.0
lavarry01,yale,2008.0
hennebr01,youngst,2000.0
hennebr01,youngst,2001.0
thomaju01,youngst,2003.0
thomaju01,youngst,2004.0
thomaju01,youngst,2005.0
