playerID,yearID,gameNum,gameID,teamID,lgID,GP,startingPos
abbotan01,2025,0.0,NLS202507150,CIN,NL,1,
abramcj01,2024,0.0,ALS202407160,WAS,NL,1,
abreubo01,2004,0.0,NLS200407130,PHI,NL,1,
abreubo01,2005,0.0,ALS200507120,PHI,NL,1,9
abreujo02,2014,0.0,ALS201407150,CHA,AL,1,
abreujo02,2018,0.0,NLS201807170,CHA,AL,1,3
abreujo02,2019,0.0,ALS201907090,CHA,AL,1,
acunaro01,2019,0.0,ALS201907090,ATL,NL,1,8
acunaro01,2021,0.0,NLS202107130,ATL,NL,0,
acunaro01,2022,0.0,NLS202207190,ATL,NL,1,9
acunaro01,2023,0.0,ALS202307110,ATL,NL,1,9
acunaro01,2025,0.0,NLS202507150,ATL,NL,1,7
adamja01,2025,0.0,NLS202507150,SDN,NL,1,
aguilje01,2018,0.0,NLS201807170,MIL,NL,1,
albieoz01,2018,0.0,NLS201807170,ATL,NL,1,
albieoz01,2021,0.0,NLS202107130,ATL,NL,1,
albieoz01,2023,0.0,ALS202307110,ATL,NL,1,
alcansa01,2019,0.0,ALS201907090,MIA,NL,1,
alcansa01,2022,0.0,NLS202207190,MIA,NL,1,
alfoned01,2000,0.0,NLS200007110,NYN,NL,1,
alomaro01,2000,0.0,NLS200007110,CLE,AL,1,4
alomaro01,2001,0.0,ALS200107100,CLE,AL,1,
alonspe01,2019,0.0,ALS201907090,NYN,NL,1,
alonspe01,2022,0.0,NLS202207190,NYN,NL,1,
alonspe01,2023,0.0,ALS202307110,NYN,NL,1,
alonspe01,2024,0.0,ALS202407160,NYN,NL,1,
alonspe01,2025,0.0,NLS202507150,NYN,NL,1,
alonsyo01,2017,0.0,NLS201707110,OAK,AL,1,
aloumo01,2001,0.0,ALS200107100,HOU,NL,1,
aloumo01,2004,0.0,NLS200407130,CHN,NL,1,
aloumo01,2005,0.0,ALS200507120,SFN,NL,1,
altuvjo01,2012,0.0,ALS201207100,HOU,NL,1,
altuvjo01,2014,0.0,ALS201407150,HOU,AL,1,
altuvjo01,2015,0.0,NLS201507140,HOU,AL,1,4
altuvjo01,2016,0.0,ALS201607120,HOU,AL,1,4
altuvjo01,2017,0.0,NLS201707110,HOU,AL,1,4
altuvjo01,2018,0.0,NLS201807170,HOU,AL,1,4
altuvjo01,2021,0.0,NLS202107130,HOU,AL,0,
altuvjo01,2022,0.0,NLS202207190,HOU,AL,0,
altuvjo01,2024,0.0,ALS202407160,HOU,AL,0,
alvarhe01,2014,0.0,ALS201407150,MIA,NL,0,
alvarpe01,2013,0.0,NLS201307160,PIT,NL,1,
alvaryo01,2022,0.0,NLS202207190,HOU,AL,0,
alvaryo01,2023,0.0,ALS202307110,HOU,AL,0,
alvaryo01,2024,0.0,ALS202407160,HOU,AL,1,10
anderga01,2002,0.0,NLS200207090,ANA,AL,1,
anderga01,2003,0.0,ALS200307150,ANA,AL,1,7
anderga01,2005,0.0,ALS200507120,LAA,AL,1,
anderti01,2021,0.0,NLS202107130,CHA,AL,0,
anderti01,2022,0.0,NLS202207190,CHA,AL,1,6
anderty01,2022,0.0,NLS202207190,LAN,NL,0,
anderty01,2024,0.0,ALS202407160,LAA,AL,0,
andruel01,2010,0.0,ALS201007130,TEX,AL,1,
andruel01,2012,0.0,ALS201207100,TEX,AL,1,
arandjo01,2025,0.0,NLS202507150,TBA,AL,1,
archech01,2015,0.0,NLS201507140,TBA,AL,1,
archech01,2017,0.0,NLS201707110,TBA,AL,0,
arciaor01,2023,0.0,ALS202307110,ATL,NL,1,6
arenano01,2015,0.0,NLS201507140,COL,NL,1,
arenano01,2016,0.0,ALS201607120,COL,NL,1,
arenano01,2017,0.0,NLS201707110,COL,NL,1,5
arenano01,2018,0.0,NLS201807170,COL,NL,1,5
arenano01,2019,0.0,ALS201907090,COL,NL,1,5
arenano01,2021,0.0,NLS202107130,SLN,NL,1,5
arenano01,2022,0.0,NLS202207190,SLN,NL,0,
arenano01,2023,0.0,ALS202307110,SLN,NL,1,5
arozara01,2023,0.0,ALS202307110,TBA,AL,1,7
arozara01,2025,0.0,NLS202507150,SEA,AL,1,
arraelu01,2022,0.0,NLS202207190,MIN,AL,1,
arraelu01,2023,0.0,ALS202307110,MIA,NL,1,4
arraelu01,2024,0.0,ALS202407160,SDN,NL,0,
arrieja01,2016,0.0,ALS201607120,CHN,NL,0,
arroybr01,2006,0.0,NLS200607110,CIN,NL,1,
aurilri01,2001,0.0,ALS200107100,SFN,NL,1,6
avilaal01,2011,0.0,NLS201107120,DET,AL,1,2
aybarer01,2014,0.0,ALS201407150,LAA,AL,1,
baezda01,2005,0.0,ALS200507120,TBA,AL,0,
baezja01,2018,0.0,NLS201807170,CHN,NL,1,4
baezja01,2019,0.0,ALS201907090,CHN,NL,1,6
baezja01,2025,0.0,NLS202507150,DET,AL,1,9
bailean01,2009,0.0,NLS200907140,OAK,AL,0,
bailean01,2010,0.0,ALS201007130,OAK,AL,1,
baldwja01,2000,0.0,NLS200007110,CHA,AL,1,
balfogr01,2013,0.0,NLS201307160,OAK,AL,1,
barnema01,2021,0.0,NLS202107130,BOS,AL,1,
bartlja01,2009,0.0,NLS200907140,TBA,AL,1,
bassich01,2021,0.0,NLS202107130,OAK,AL,1,
batisto01,2000,0.0,NLS200007110,TOR,AL,1,
batisto01,2002,0.0,NLS200207090,BAL,AL,1,
bauertr01,2018,0.0,NLS201807170,CLE,AL,0,
bautife01,2023,0.0,ALS202307110,BAL,AL,1,
bautijo02,2010,0.0,ALS201007130,TOR,AL,1,
bautijo02,2011,0.0,NLS201107120,TOR,AL,1,9
bautijo02,2012,0.0,ALS201207100,TOR,AL,1,9
bautijo02,2013,0.0,NLS201307160,TOR,AL,1,9
bautijo02,2014,0.0,ALS201407150,TOR,AL,1,9
bautijo02,2015,0.0,NLS201507140,TOR,AL,0,
bayja01,2005,0.0,ALS200507120,PIT,NL,0,
bayja01,2006,0.0,NLS200607110,PIT,NL,1,9
bayja01,2009,0.0,NLS200907140,BOS,AL,1,7
beckejo02,2007,0.0,NLS200707100,BOS,AL,1,
beckejo02,2009,0.0,NLS200907140,BOS,AL,0,
beckejo02,2011,0.0,NLS201107120,BOS,AL,0,
bednada01,2022,0.0,NLS202207190,PIT,NL,1,
bednada01,2023,0.0,ALS202307110,PIT,NL,0,
bellhe01,2009,0.0,NLS200907140,SDN,NL,1,
bellhe01,2010,0.0,ALS201007130,SDN,NL,1,
bellhe01,2011,0.0,NLS201107120,SDN,NL,1,
bellico01,2017,0.0,NLS201707110,LAN,NL,1,
bellico01,2019,0.0,ALS201907090,LAN,NL,1,9
belliro01,2004,0.0,NLS200407130,CLE,AL,1,
belljo02,2019,0.0,ALS201907090,PIT,NL,1,10
beltbr01,2016,0.0,ALS201607120,SFN,NL,1,
beltrad01,2010,0.0,ALS201007130,BOS,AL,1,
beltrad01,2011,0.0,NLS201107120,TEX,AL,1,5
beltrad01,2012,0.0,ALS201207100,TEX,AL,1,5
beltrad01,2014,0.0,ALS201407150,TEX,AL,1,
beltrca01,2004,0.0,NLS200407130,HOU,NL,1,
beltrca01,2005,0.0,ALS200507120,NYN,NL,1,7
beltrca01,2006,0.0,NLS200607110,NYN,NL,1,8
beltrca01,2007,0.0,NLS200707100,NYN,NL,1,8
beltrca01,2009,0.0,NLS200907140,NYN,NL,0,
beltrca01,2011,0.0,NLS201107120,NYN,NL,1,10
beltrca01,2012,0.0,ALS201207100,SLN,NL,1,9
beltrca01,2013,0.0,NLS201307160,SLN,NL,1,9
beltrca01,2016,0.0,ALS201607120,NYA,AL,1,
beninan01,2022,0.0,NLS202207190,KCA,AL,1,
benitar01,2003,0.0,ALS200307150,NYN,NL,0,
benitar01,2004,0.0,NLS200407130,FLO,NL,0,
berkmla01,2001,0.0,ALS200107100,HOU,NL,1,
berkmla01,2002,0.0,NLS200207090,HOU,NL,1,
berkmla01,2004,0.0,NLS200407130,HOU,NL,1,8
berkmla01,2006,0.0,NLS200607110,HOU,NL,1,
berkmla01,2008,0.0,ALS200807150,HOU,NL,1,3
berkmla01,2011,0.0,NLS201107120,SLN,NL,1,9
berrijo01,2018,0.0,NLS201807170,MIN,AL,1,
berrijo01,2019,0.0,ALS201907090,MIN,AL,1,
betande01,2014,0.0,ALS201407150,NYA,AL,0,
betande01,2015,0.0,NLS201507140,NYA,AL,1,
betande01,2016,0.0,ALS201607120,NYA,AL,1,
betande01,2017,0.0,NLS201707110,NYA,AL,1,
bettsmo01,2016,0.0,ALS201607120,BOS,AL,1,9
bettsmo01,2017,0.0,NLS201707110,BOS,AL,1,8
bettsmo01,2018,0.0,NLS201807170,BOS,AL,1,9
bettsmo01,2019,0.0,ALS201907090,BOS,AL,1,
bettsmo01,2021,0.0,NLS202107130,LAN,NL,0,
bettsmo01,2022,0.0,NLS202207190,LAN,NL,1,8
bettsmo01,2023,0.0,ALS202307110,LAN,NL,1,8
bettsmo01,2024,0.0,ALS202407160,LAN,NL,0,
bichebo01,2021,0.0,NLS202107130,TOR,AL,1,
bichebo01,2023,0.0,ALS202307110,TOR,AL,1,
biebesh01,2019,0.0,ALS201907090,CLE,AL,1,
biebesh01,2021,0.0,NLS202107130,CLE,AL,0,
billich01,2009,0.0,NLS200907140,LAN,NL,1,
blackch02,2014,0.0,ALS201407150,COL,NL,1,
blackch02,2017,0.0,NLS201707110,COL,NL,1,8
blackch02,2018,0.0,NLS201807170,COL,NL,1,
blackch02,2019,0.0,ALS201907090,COL,NL,1,
blackpa01,2022,0.0,NLS202207190,OAK,AL,1,
blaloha01,2003,0.0,ALS200307150,TEX,AL,1,
blaloha01,2004,0.0,NLS200407130,TEX,AL,1,
bogaexa01,2016,0.0,ALS201607120,BOS,AL,1,6
bogaexa01,2019,0.0,ALS201907090,BOS,AL,1,
bogaexa01,2021,0.0,NLS202107130,BOS,AL,1,6
bogaexa01,2022,0.0,NLS202207190,BOS,AL,1,
bohmal01,2024,0.0,ALS202407160,PHI,NL,1,5
bondsba01,2000,0.0,NLS200007110,SFN,NL,0,
bondsba01,2001,0.0,ALS200107100,SFN,NL,1,7
bondsba01,2002,0.0,NLS200207090,SFN,NL,1,7
bondsba01,2003,0.0,ALS200307150,SFN,NL,1,10
bondsba01,2004,0.0,NLS200407130,SFN,NL,1,7
bondsba01,2007,0.0,NLS200707100,SFN,NL,1,7
booneaa01,2003,0.0,ALS200307150,CIN,NL,1,
boonebr01,2001,0.0,ALS200107100,SEA,AL,1,4
boonebr01,2003,0.0,ALS200307150,SEA,AL,1,
bordimi01,2000,0.0,NLS200007110,BAL,AL,1,
bournmi01,2010,0.0,ALS201007130,HOU,NL,1,
bournmi01,2012,0.0,ALS201207100,ATL,NL,1,
boxbebr01,2015,0.0,NLS201507140,TBA,AL,0,
boydma01,2025,0.0,NLS202507150,CHN,NL,0,
brachbr01,2016,0.0,ALS201607120,BAL,AL,0,
bradlja02,2016,0.0,ALS201607120,BOS,AL,1,7
bradlmi01,2008,0.0,ALS200807150,TEX,AL,1,10
brantmi02,2014,0.0,ALS201407150,CLE,AL,1,
brantmi02,2017,0.0,NLS201707110,CLE,AL,1,
brantmi02,2018,0.0,NLS201807170,CLE,AL,1,
brantmi02,2019,0.0,ALS201907090,HOU,AL,1,7
brantmi02,2021,0.0,NLS202107130,HOU,AL,0,
braunry02,2008,0.0,ALS200807150,MIL,NL,1,7
braunry02,2009,0.0,NLS200907140,MIL,NL,1,9
braunry02,2010,0.0,ALS201007130,MIL,NL,1,7
braunry02,2012,0.0,ALS201207100,MIL,NL,1,7
braunry02,2015,0.0,NLS201507140,MIL,NL,1,
bregmal01,2018,0.0,NLS201807170,HOU,AL,1,
bregmal01,2019,0.0,ALS201907090,HOU,AL,1,5
bregmal01,2025,0.0,NLS202507150,BOS,AL,0,
brittza01,2015,0.0,NLS201507140,BAL,AL,1,
brittza01,2016,0.0,ALS201607120,BAL,AL,1,
browndo01,2013,0.0,NLS201307160,PHI,NL,1,
brownhu01,2025,0.0,NLS202507150,HOU,AL,0,
brownke01,2000,0.0,NLS200007110,LAN,NL,1,
brownke01,2003,0.0,ALS200307150,LAN,NL,0,
broxtjo01,2009,0.0,NLS200907140,LAN,NL,0,
broxtjo01,2010,0.0,ALS201007130,LAN,NL,1,
bruceja01,2011,0.0,NLS201107120,CIN,NL,1,
bruceja01,2012,0.0,ALS201207100,CIN,NL,1,
bruceja01,2016,0.0,ALS201607120,CIN,NL,1,
bryankr01,2015,0.0,NLS201507140,CHN,NL,1,
bryankr01,2016,0.0,ALS201607120,CHN,NL,1,5
bryankr01,2019,0.0,ALS201907090,CHN,NL,1,
bryankr01,2021,0.0,NLS202107130,CHN,NL,1,
bubickr01,2025,0.0,NLS202507150,KCA,AL,1,
buchhcl01,2010,0.0,ALS201007130,BOS,AL,0,
buchhcl01,2013,0.0,NLS201307160,BOS,AL,0,
buckjo01,2010,0.0,ALS201007130,TOR,AL,1,
buehlwa01,2019,0.0,ALS201907090,LAN,NL,1,
buehlwa01,2021,0.0,NLS202107130,LAN,NL,0,
buehrma01,2002,0.0,NLS200207090,CHA,AL,1,
buehrma01,2005,0.0,ALS200507120,CHA,AL,1,1
buehrma01,2006,0.0,NLS200607110,CHA,AL,0,
buehrma01,2009,0.0,NLS200907140,CHA,AL,1,
buehrma01,2014,0.0,ALS201407150,TOR,AL,0,
bumgama01,2013,0.0,NLS201307160,SFN,NL,0,
bumgama01,2014,0.0,ALS201407150,SFN,NL,0,
bumgama01,2015,0.0,NLS201507140,SFN,NL,1,
bumgama01,2016,0.0,ALS201607120,SFN,NL,0,
burkejo03,2001,0.0,ALS200107100,ATL,NL,1,
burneaj01,2015,0.0,NLS201507140,PIT,NL,0,
burneco01,2021,0.0,NLS202107130,MIL,NL,1,
burneco01,2022,0.0,NLS202207190,MIL,NL,0,
burneco01,2023,0.0,ALS202307110,MIL,NL,0,
burneco01,2024,0.0,ALS202407160,BAL,AL,1,1
butlebi03,2012,0.0,ALS201207100,KCA,AL,1,
buxtoby01,2022,0.0,NLS202207190,MIN,AL,1,8
buxtoby01,2025,0.0,NLS202507150,MIN,AL,1,
byrdma01,2010,0.0,ALS201007130,CHN,NL,1,
cabreas01,2011,0.0,NLS201107120,CLE,AL,1,6
cabreas01,2012,0.0,ALS201207100,CLE,AL,1,
cabreev01,2013,0.0,NLS201307160,SDN,NL,0,
cabreme01,2012,0.0,ALS201207100,SFN,NL,1,8
cabremi01,2004,0.0,NLS200407130,FLO,NL,1,
cabremi01,2005,0.0,ALS200507120,FLO,NL,1,
cabremi01,2006,0.0,NLS200607110,FLO,NL,1,
cabremi01,2007,0.0,NLS200707100,FLO,NL,1,
cabremi01,2010,0.0,ALS201007130,DET,AL,1,3
cabremi01,2011,0.0,NLS201107120,DET,AL,1,
cabremi01,2012,0.0,ALS201207100,DET,AL,1,
cabremi01,2013,0.0,NLS201307160,DET,AL,1,5
cabremi01,2014,0.0,ALS201407150,DET,AL,1,3
cabremi01,2015,0.0,NLS201507140,DET,AL,0,
cabremi01,2016,0.0,ALS201607120,DET,AL,1,
cabremi01,2022,0.0,NLS202207190,DET,AL,1,
cahiltr01,2010,0.0,ALS201007130,OAK,AL,0,
cainlo01,2015,0.0,NLS201507140,KCA,AL,1,9
cainlo01,2018,0.0,NLS201807170,MIL,NL,1,
cainma01,2009,0.0,NLS200907140,SFN,NL,0,
cainma01,2011,0.0,NLS201107120,SFN,NL,0,
cainma01,2012,0.0,ALS201207100,SFN,NL,1,1
camermi01,2001,0.0,ALS200107100,SEA,AL,1,
caminju01,2025,0.0,NLS202507150,TBA,AL,1,5
canoro01,2006,0.0,NLS200607110,NYA,AL,0,
canoro01,2010,0.0,ALS201007130,NYA,AL,1,4
canoro01,2011,0.0,NLS201107120,NYA,AL,1,4
canoro01,2012,0.0,ALS201207100,NYA,AL,1,4
canoro01,2013,0.0,NLS201307160,NYA,AL,1,4
canoro01,2014,0.0,ALS201407150,SEA,AL,1,4
canoro01,2016,0.0,ALS201607120,SEA,AL,1,
canoro01,2017,0.0,NLS201707110,SEA,AL,1,
canoye01,2023,0.0,ALS202307110,BAL,AL,1,
cappsma01,2010,0.0,ALS201007130,WAS,NL,1,
capuach01,2006,0.0,NLS200607110,MIL,NL,0,
carmofa01,2010,0.0,ALS201007130,CLE,AL,0,
carpech01,2005,0.0,ALS200507120,SLN,NL,1,1
carpech01,2006,0.0,NLS200607110,SLN,NL,0,
carpech01,2010,0.0,ALS201007130,SLN,NL,0,
carpema01,2013,0.0,NLS201307160,SLN,NL,1,
carpema01,2014,0.0,ALS201407150,SLN,NL,0,
carpema01,2016,0.0,ALS201607120,SLN,NL,0,
carroco02,2023,0.0,ALS202307110,ARI,NL,1,7
carroco02,2025,0.0,NLS202507150,ARI,NL,1,
cartela02,2003,0.0,ALS200307150,TBA,AL,0,
caseyse01,2001,0.0,ALS200107100,CIN,NL,1,
caseyse01,2004,0.0,NLS200407130,CIN,NL,0,
casteni01,2021,0.0,NLS202107130,CIN,NL,1,9
casteni01,2023,0.0,ALS202307110,PHI,NL,1,
castilu01,2002,0.0,NLS200207090,FLO,NL,1,
castilu01,2003,0.0,ALS200307150,FLO,NL,1,
castilu01,2005,0.0,ALS200507120,FLO,NL,1,
castilu02,2019,0.0,ALS201907090,CIN,NL,1,
castilu02,2022,0.0,NLS202207190,CIN,NL,1,
castilu02,2023,0.0,ALS202307110,SEA,AL,0,
castrja01,2013,0.0,NLS201307160,HOU,AL,0,
castrst01,2011,0.0,NLS201107120,CHN,NL,1,
castrst01,2012,0.0,ALS201207100,CHN,NL,1,
castrst01,2014,0.0,ALS201407150,CHN,NL,1,
castrst01,2017,0.0,NLS201707110,NYA,AL,0,
castrwi01,2024,0.0,ALS202407160,MIN,AL,1,
cecilbr01,2013,0.0,NLS201307160,TOR,AL,1,
cespeyo01,2014,0.0,ALS201407150,OAK,AL,1,
cespeyo01,2016,0.0,ALS201607120,NYN,NL,0,
chacosh01,2003,0.0,ALS200307150,COL,NL,0,
chapmar01,2012,0.0,ALS201207100,CIN,NL,1,
chapmar01,2013,0.0,NLS201307160,CIN,NL,1,
chapmar01,2014,0.0,ALS201407150,CIN,NL,1,
chapmar01,2015,0.0,NLS201507140,CIN,NL,1,
chapmar01,2018,0.0,NLS201807170,NYA,AL,0,
chapmar01,2019,0.0,ALS201907090,NYA,AL,1,
chapmar01,2021,0.0,NLS202107130,NYA,AL,0,
chapmar01,2025,0.0,NLS202507150,BOS,AL,1,
chapmma01,2019,0.0,ALS201907090,OAK,AL,1,
chishja01,2022,0.0,NLS202207190,MIA,NL,0,
chishja01,2025,0.0,NLS202507150,NYA,AL,1,
choosh01,2018,0.0,NLS201807170,TEX,AL,1,
cirilje01,2000,0.0,NLS200007110,COL,NL,1,
clarkto02,2001,0.0,ALS200107100,DET,AL,1,
claseem01,2022,0.0,NLS202207190,CLE,AL,1,
claseem01,2023,0.0,ALS202307110,CLE,AL,0,
claseem01,2024,0.0,ALS202407160,CLE,AL,1,
clemema01,2005,0.0,ALS200507120,BOS,AL,1,
clemero02,2001,0.0,ALS200107100,NYA,AL,1,1
clemero02,2003,0.0,ALS200307150,NYA,AL,1,
clemero02,2004,0.0,NLS200407130,HOU,NL,1,1
clemero02,2005,0.0,ALS200507120,HOU,NL,1,
clippty01,2011,0.0,NLS201107120,WAS,NL,1,
clippty01,2014,0.0,ALS201407150,WAS,NL,1,
cobbal01,2023,0.0,ALS202307110,SFN,NL,1,
colege01,2015,0.0,NLS201507140,PIT,NL,1,
colege01,2018,0.0,NLS201807170,HOU,AL,0,
colege01,2019,0.0,ALS201907090,HOU,AL,0,
colege01,2021,0.0,NLS202107130,NYA,AL,0,
colege01,2022,0.0,NLS202207190,NYA,AL,0,
colege01,2023,0.0,ALS202307110,NYA,AL,1,1
colomal01,2016,0.0,ALS201607120,TBA,AL,0,
colonba01,2005,0.0,ALS200507120,LAA,AL,1,
colonba01,2013,0.0,NLS201307160,OAK,AL,0,
colonba01,2016,0.0,ALS201607120,NYN,NL,0,
confomi01,2017,0.0,NLS201707110,NYN,NL,1,
contrjo01,2006,0.0,NLS200607110,CHA,AL,0,
contrwi01,2018,0.0,NLS201807170,CHN,NL,1,2
contrwi01,2019,0.0,ALS201907090,CHN,NL,1,2
contrwi01,2022,0.0,NLS202207190,CHN,NL,1,2
contrwi02,2022,0.0,NLS202207190,ATL,NL,1,10
contrwi02,2024,0.0,ALS202407160,MIL,NL,1,2
cookaa01,2008,0.0,ALS200807150,COL,NL,1,
cookry01,2012,0.0,ALS201207100,OAK,AL,1,
coopega03,2022,0.0,NLS202207190,MIA,NL,1,
corbipa01,2013,0.0,NLS201307160,ARI,NL,1,
corbipa01,2018,0.0,NLS201807170,ARI,NL,0,
cordech01,2005,0.0,ALS200507120,WAS,NL,1,
cordefr01,2004,0.0,NLS200407130,TEX,AL,0,
cordefr01,2007,0.0,NLS200707100,MIL,NL,1,
cordefr01,2009,0.0,NLS200907140,CIN,NL,1,
correca01,2017,0.0,NLS201707110,HOU,AL,1,6
correca01,2021,0.0,NLS202107130,HOU,AL,0,
correca01,2024,0.0,ALS202407160,MIN,AL,0,
correke01,2011,0.0,NLS201107120,PIT,NL,0,
cortene01,2022,0.0,NLS202207190,NYA,AL,1,
cozarza01,2017,0.0,NLS201707110,CIN,NL,1,6
craigal01,2013,0.0,NLS201307160,SLN,NL,1,
crainje01,2013,0.0,NLS201307160,CHA,AL,0,
crawfbr01,2015,0.0,NLS201507140,SFN,NL,1,
crawfbr01,2018,0.0,NLS201807170,SFN,NL,1,6
crawfbr01,2021,0.0,NLS202107130,SFN,NL,1,
crawfca02,2004,0.0,NLS200407130,TBA,AL,1,
crawfca02,2007,0.0,NLS200707100,TBA,AL,1,
crawfca02,2009,0.0,NLS200907140,TBA,AL,1,
crawfca02,2010,0.0,ALS201007130,TBA,AL,1,7
credejo01,2008,0.0,ALS200807150,CHA,AL,1,
crochga01,2024,0.0,ALS202407160,CHA,AL,1,
crochga01,2025,0.0,NLS202507150,BOS,AL,0,
croncj01,2022,0.0,NLS202207190,COL,NL,1,
croneja01,2021,0.0,NLS202107130,SDN,NL,1,
croneja01,2022,0.0,NLS202207190,SDN,NL,1,
crowaa01,2011,0.0,NLS201107120,KCA,AL,0,
crowape01,2025,0.0,NLS202507150,CHN,NL,1,8
cruzne02,2009,0.0,NLS200907140,TEX,AL,0,
cruzne02,2013,0.0,NLS201307160,TEX,AL,1,
cruzne02,2014,0.0,ALS201407150,BAL,AL,1,10
cruzne02,2015,0.0,NLS201507140,SEA,AL,1,10
cruzne02,2017,0.0,NLS201707110,SEA,AL,1,
cruzne02,2018,0.0,NLS201807170,SEA,AL,1,
cruzne02,2021,0.0,NLS202107130,MIN,AL,1,
cuddymi01,2011,0.0,NLS201107120,MIN,AL,1,
cuddymi01,2013,0.0,NLS201307160,COL,NL,1,10
cuetojo01,2014,0.0,ALS201407150,CIN,NL,0,
cuetojo01,2016,0.0,ALS201607120,SFN,NL,1,1
dahlda01,2019,0.0,ALS201907090,COL,NL,1,
damonjo01,2002,0.0,NLS200207090,BOS,AL,1,
damonjo01,2005,0.0,ALS200507120,BOS,AL,1,8
darnatr01,2022,0.0,NLS202207190,ATL,NL,1,
darviyu01,2012,0.0,ALS201207100,TEX,AL,0,
darviyu01,2013,0.0,NLS201307160,TEX,AL,0,
darviyu01,2014,0.0,ALS201407150,TEX,AL,1,
darviyu01,2017,0.0,NLS201707110,TEX,AL,0,
darviyu01,2021,0.0,NLS202107130,SDN,NL,0,
davisch02,2013,0.0,NLS201307160,BAL,AL,1,3
daviswa01,2015,0.0,NLS201507140,KCA,AL,1,
daviswa01,2016,0.0,ALS201607120,KCA,AL,0,
daviswa01,2017,0.0,NLS201707110,CHN,NL,1,
degroja01,2015,0.0,NLS201507140,NYN,NL,1,
degroja01,2018,0.0,NLS201807170,NYN,NL,1,
degroja01,2019,0.0,ALS201907090,NYN,NL,1,
degroja01,2021,0.0,NLS202107130,NYN,NL,0,
degroja01,2025,0.0,NLS202507150,TEX,AL,0,
dejonpa01,2019,0.0,ALS201907090,SLN,NL,1,
delabst01,2013,0.0,NLS201307160,TOR,AL,1,
delacel01,2024,0.0,ALS202407160,CIN,NL,1,
delacel01,2025,0.0,NLS202507150,CIN,NL,1,
delgaca01,2000,0.0,NLS200007110,TOR,AL,1,
delgaca01,2003,0.0,ALS200307150,TOR,AL,1,3
dempsry01,2000,0.0,NLS200007110,FLO,NL,0,
dempsry01,2008,0.0,ALS200807150,CHN,NL,1,
desmoia01,2012,0.0,ALS201207100,WAS,NL,0,
desmoia01,2016,0.0,ALS201607120,TEX,AL,1,
devench02,2017,0.0,NLS201707110,HOU,AL,1,
deverra01,2021,0.0,NLS202107130,BOS,AL,1,5
deverra01,2022,0.0,NLS202207190,BOS,AL,1,5
deverra01,2024,0.0,ALS202407160,BOS,AL,0,
diazal02,2016,0.0,ALS201607120,SLN,NL,1,
diazal03,2023,0.0,ALS202307110,CIN,NL,1,
diazed04,2018,0.0,NLS201807170,SEA,AL,1,
diazed04,2022,0.0,NLS202207190,NYN,NL,0,
diazed04,2025,0.0,NLS202507150,NYN,NL,1,
diazel01,2023,0.0,ALS202307110,COL,NL,1,
diazya01,2023,0.0,ALS202307110,TBA,AL,1,3
dickeco01,2017,0.0,NLS201707110,TBA,AL,1,10
dickera01,2012,0.0,ALS201207100,NYN,NL,1,
donaljo02,2014,0.0,ALS201407150,OAK,AL,1,5
donaljo02,2015,0.0,NLS201507140,TOR,AL,1,5
donaljo02,2016,0.0,ALS201607120,TOR,AL,1,
donnebr01,2003,0.0,ALS200307150,ANA,AL,1,
donovbr01,2025,0.0,NLS202507150,SLN,NL,1,
doolise01,2014,0.0,ALS201407150,OAK,AL,1,
doolise01,2018,0.0,NLS201807170,WAS,NL,0,
dovalca01,2023,0.0,ALS202307110,SFN,NL,1,
doziebr01,2015,0.0,NLS201507140,MIN,AL,1,
drewjd01,2008,0.0,ALS200807150,BOS,AL,1,
duchsju01,2005,0.0,ALS200507120,OAK,AL,0,
duchsju01,2008,0.0,ALS200807150,OAK,AL,1,
dukeza01,2009,0.0,NLS200907140,PIT,NL,0,
dunnad01,2002,0.0,NLS200207090,CIN,NL,1,
dunnad01,2012,0.0,ALS201207100,CHA,AL,0,
duranja01,2024,0.0,ALS202407160,BOS,AL,1,
durhara01,2000,0.0,NLS200007110,CHA,AL,1,
duvalad01,2016,0.0,ALS201607120,CIN,NL,1,
dyeje01,2000,0.0,NLS200007110,KCA,AL,1,9
dyeje01,2006,0.0,NLS200607110,CHA,AL,1,
eckstda01,2005,0.0,ALS200507120,SLN,NL,1,6
eckstda01,2006,0.0,NLS200607110,SLN,NL,1,
edmonji01,2000,0.0,NLS200007110,SLN,NL,1,8
edmonji01,2003,0.0,ALS200307150,SLN,NL,1,8
edmonji01,2005,0.0,ALS200507120,SLN,NL,1,8
elderbr01,2023,0.0,ALS202307110,ATL,NL,0,
ellsbja01,2011,0.0,NLS201107120,BOS,AL,1,
encared01,2013,0.0,NLS201307160,TOR,AL,1,
encared01,2014,0.0,ALS201407150,TOR,AL,0,
encared01,2016,0.0,ALS201607120,TOR,AL,1,
ensbemo01,2005,0.0,ALS200507120,HOU,NL,1,
eovalna01,2021,0.0,NLS202107130,BOS,AL,1,
eovalna01,2023,0.0,ALS202307110,TEX,AL,1,
erstada01,2000,0.0,NLS200007110,ANA,AL,1,
escobal02,2015,0.0,NLS201507140,KCA,AL,1,6
escobed01,2021,0.0,NLS202107130,ARI,NL,1,
espinsa01,2022,0.0,NLS202207190,TOR,AL,1,
estevca01,2023,0.0,ALS202307110,LAA,AL,1,
estevca01,2025,0.0,NLS202507150,KCA,AL,1,
estrajo01,2004,0.0,NLS200407130,ATL,NL,1,
estrama01,2016,0.0,ALS201607120,TOR,AL,0,
ethiean01,2010,0.0,ALS201007130,LAN,NL,1,8
ethiean01,2011,0.0,NLS201107120,LAN,NL,1,
evereca01,2000,0.0,NLS200007110,BOS,AL,1,7
evereca01,2003,0.0,ALS200307150,CHA,AL,1,
familje01,2016,0.0,ALS201607120,NYN,NL,0,
felizne01,2010,0.0,ALS201007130,TEX,AL,0,
fernajo02,2013,0.0,NLS201307160,MIA,NL,1,
fernajo02,2016,0.0,ALS201607120,MIA,NL,1,
fickro01,2002,0.0,NLS200207090,DET,AL,1,
fieldpr01,2007,0.0,NLS200707100,MIL,NL,1,3
fieldpr01,2009,0.0,NLS200907140,MIL,NL,1,
fieldpr01,2011,0.0,NLS201107120,MIL,NL,1,3
fieldpr01,2012,0.0,ALS201207100,DET,AL,1,3
fieldpr01,2013,0.0,NLS201307160,DET,AL,1,
fieldpr01,2015,0.0,NLS201507140,TEX,AL,1,
finlech01,2000,0.0,NLS200007110,CLE,AL,0,
finlest01,2000,0.0,NLS200007110,ARI,NL,1,
finneky01,2024,0.0,ALS202407160,WAS,NL,0,
floydcl01,2001,0.0,ALS200107100,FLO,NL,1,
foltymi01,2018,0.0,NLS201807170,ATL,NL,1,
foulkke01,2003,0.0,ALS200307150,OAK,AL,1,
fowlede01,2016,0.0,ALS201607120,CHN,NL,0,
francty01,2022,0.0,NLS202207190,SEA,AL,1,
francwa01,2023,0.0,ALS202307110,TBA,AL,1,
frankry01,2009,0.0,NLS200907140,SLN,NL,1,
fraziad01,2021,0.0,NLS202107130,PIT,NL,1,4
frazito01,2014,0.0,ALS201407150,CIN,NL,1,
frazito01,2015,0.0,NLS201507140,CIN,NL,1,5
freemfr01,2013,0.0,NLS201307160,ATL,NL,0,
freemfr01,2014,0.0,ALS201407150,ATL,NL,1,
freemfr01,2018,0.0,NLS201807170,ATL,NL,1,3
freemfr01,2019,0.0,ALS201907090,ATL,NL,1,3
freemfr01,2021,0.0,NLS202107130,ATL,NL,1,3
freemfr01,2022,0.0,NLS202207190,LAN,NL,1,
freemfr01,2023,0.0,ALS202307110,LAN,NL,1,3
freemfr01,2024,0.0,ALS202407160,LAN,NL,1,
freemfr01,2025,0.0,NLS202507150,LAN,NL,1,3
freesda01,2012,0.0,ALS201207100,SLN,NL,1,
friedma01,2022,0.0,NLS202207190,ATL,NL,0,
friedma01,2024,0.0,ALS202407160,ATL,NL,1,
friedma01,2025,0.0,NLS202507150,NYA,AL,0,
fryda01,2024,0.0,ALS202407160,CLE,AL,1,
frymatr01,2000,0.0,NLS200007110,CLE,AL,1,5
fuentbr01,2005,0.0,ALS200507120,COL,NL,0,
fuentbr01,2006,0.0,NLS200607110,COL,NL,1,
fuentbr01,2007,0.0,NLS200707100,COL,NL,0,
fuentbr01,2009,0.0,NLS200907140,LAA,AL,0,
fukudko01,2008,0.0,ALS200807150,CHN,NL,1,8
fulmemi01,2017,0.0,NLS201707110,DET,AL,0,
furcara01,2003,0.0,ALS200307150,ATL,NL,1,
furcara01,2010,0.0,ALS201007130,LAN,NL,1,
furcara01,2012,0.0,ALS201207100,SLN,NL,1,6
gagneer01,2002,0.0,NLS200207090,LAN,NL,1,
gagneer01,2003,0.0,ALS200307150,LAN,NL,1,
gagneer01,2004,0.0,NLS200407130,LAN,NL,1,
galaran01,2000,0.0,NLS200007110,ATL,NL,1,3
gallayo01,2010,0.0,ALS201007130,MIL,NL,0,
galleza01,2023,0.0,ALS202307110,ARI,NL,1,1
gallojo01,2019,0.0,ALS201907090,TEX,AL,1,
gallojo01,2021,0.0,NLS202107130,TEX,AL,1,
garciad02,2021,0.0,NLS202107130,TEX,AL,1,
garciad02,2023,0.0,ALS202307110,TEX,AL,1,9
garciav01,2017,0.0,NLS201707110,CHA,AL,1,
garcifr02,2001,0.0,ALS200107100,SEA,AL,1,
garcifr02,2002,0.0,NLS200207090,SEA,AL,1,
garcima01,2025,0.0,NLS202507150,KCA,AL,1,
garcino01,2000,0.0,NLS200007110,BOS,AL,1,
garcino01,2002,0.0,NLS200207090,BOS,AL,1,
garcino01,2003,0.0,ALS200307150,BOS,AL,1,
garcino01,2006,0.0,NLS200607110,LAN,NL,0,
gardnbr01,2015,0.0,NLS201507140,NYA,AL,1,
garlajo01,2005,0.0,ALS200507120,CHA,AL,1,
gausmke01,2021,0.0,NLS202107130,SFN,NL,0,
gausmke01,2023,0.0,ALS202307110,TOR,AL,0,
gennesc01,2018,0.0,NLS201807170,CIN,NL,1,
giambja01,2000,0.0,NLS200007110,OAK,AL,1,3
giambja01,2001,0.0,ALS200107100,OAK,AL,1,
giambja01,2002,0.0,NLS200207090,NYA,AL,1,3
giambja01,2003,0.0,ALS200307150,NYA,AL,1,
giambja01,2004,0.0,NLS200407130,NYA,AL,1,3
gibsoky01,2021,0.0,NLS202107130,TEX,AL,1,
gilbelo01,2024,0.0,ALS202407160,SEA,AL,0,
gilesbr02,2000,0.0,NLS200007110,PIT,NL,1,
gilesbr02,2001,0.0,ALS200107100,PIT,NL,1,
gilesma01,2003,0.0,ALS200307150,ATL,NL,0,
gimenan01,2022,0.0,NLS202207190,CLE,AL,1,4
giolilu01,2019,0.0,ALS201907090,CHA,AL,1,
girarjo01,2000,0.0,NLS200007110,CHN,NL,0,
glasnty01,2024,0.0,ALS202407160,LAN,NL,0,
glaustr01,2000,0.0,NLS200007110,ANA,AL,1,
glaustr01,2001,0.0,ALS200107100,ANA,AL,1,
glaustr01,2003,0.0,ALS200307150,ANA,AL,1,5
glaustr01,2006,0.0,NLS200607110,TOR,AL,1,
glavito02,2000,0.0,NLS200007110,ATL,NL,1,
glavito02,2002,0.0,NLS200207090,ATL,NL,0,
glavito02,2004,0.0,NLS200407130,NYN,NL,1,
glavito02,2006,0.0,NLS200607110,NYN,NL,0,
goldspa01,2013,0.0,NLS201307160,ARI,NL,1,
goldspa01,2014,0.0,ALS201407150,ARI,NL,1,3
goldspa01,2015,0.0,NLS201507140,ARI,NL,1,3
goldspa01,2016,0.0,ALS201607120,ARI,NL,1,
goldspa01,2017,0.0,NLS201707110,ARI,NL,1,
goldspa01,2018,0.0,NLS201807170,ARI,NL,1,10
goldspa01,2022,0.0,NLS202207190,SLN,NL,1,3
gomesya01,2018,0.0,NLS201807170,CLE,AL,1,
gomezca01,2013,0.0,NLS201307160,MIL,NL,1,
gomezca01,2014,0.0,ALS201407150,MIL,NL,1,7
gonsoto01,2022,0.0,NLS202207190,LAN,NL,1,
gonzaad01,2008,0.0,ALS200807150,SDN,NL,1,
gonzaad01,2009,0.0,NLS200907140,SDN,NL,1,
gonzaad01,2010,0.0,ALS201007130,SDN,NL,1,
gonzaad01,2011,0.0,NLS201107120,BOS,AL,1,3
gonzaad01,2015,0.0,NLS201507140,LAN,NL,1,
gonzaca01,2012,0.0,ALS201207100,COL,NL,1,10
gonzaca01,2013,0.0,NLS201307160,COL,NL,1,7
gonzaca01,2016,0.0,ALS201607120,COL,NL,1,7
gonzagi01,2011,0.0,NLS201107120,OAK,AL,1,
gonzagi01,2012,0.0,ALS201207100,WAS,NL,1,
gonzaju03,2001,0.0,ALS200107100,CLE,AL,1,9
gonzalu01,2001,0.0,ALS200107100,ARI,NL,1,8
gonzalu01,2002,0.0,NLS200207090,ARI,NL,1,
gonzalu01,2003,0.0,ALS200307150,ARI,NL,1,
gonzalu01,2005,0.0,ALS200507120,ARI,NL,1,
goodmhu01,2025,0.0,NLS202507150,COL,NL,1,
gordoal01,2013,0.0,NLS201307160,KCA,AL,1,
gordoal01,2014,0.0,ALS201407150,KCA,AL,0,
gordoal01,2015,0.0,NLS201507140,KCA,AL,0,
gordode01,2014,0.0,ALS201407150,LAN,NL,1,
gordode01,2015,0.0,NLS201507140,MIA,NL,0,
gordoto01,2004,0.0,NLS200407130,NYA,AL,1,
gordoto01,2006,0.0,NLS200607110,PHI,NL,1,
gorema01,2025,0.0,NLS202507150,WAS,NL,1,
grandcu01,2009,0.0,NLS200907140,DET,AL,1,
grandcu01,2011,0.0,NLS201107120,NYA,AL,1,8
grandcu01,2012,0.0,ALS201207100,NYA,AL,1,8
grandya01,2015,0.0,NLS201507140,LAN,NL,1,
grandya01,2019,0.0,ALS201907090,MIL,NL,1,
graveda01,2000,0.0,NLS200007110,CIN,NL,1,
graveda01,2004,0.0,NLS200407130,CIN,NL,0,
grayjo03,2023,0.0,ALS202307110,WAS,NL,1,
grayso01,2015,0.0,NLS201507140,OAK,AL,0,
grayso01,2019,0.0,ALS201907090,CIN,NL,0,
grayso01,2023,0.0,ALS202307110,MIN,AL,1,
greenhu01,2024,0.0,ALS202407160,CIN,NL,1,
greenri02,2024,0.0,ALS202407160,DET,AL,1,
greenri02,2025,0.0,NLS202507150,DET,AL,1,7
greensh01,2002,0.0,NLS200207090,LAN,NL,1,
greensh02,2019,0.0,ALS201907090,DET,AL,1,
greinza01,2009,0.0,NLS200907140,KCA,AL,1,
greinza01,2014,0.0,ALS201407150,LAN,NL,1,
greinza01,2015,0.0,NLS201507140,LAN,NL,1,1
greinza01,2017,0.0,NLS201707110,ARI,NL,1,
griffke02,2000,0.0,NLS200007110,CIN,NL,0,
griffke02,2004,0.0,NLS200407130,CIN,NL,0,
griffke02,2007,0.0,NLS200707100,CIN,NL,1,9
grillja01,2013,0.0,NLS201307160,PIT,NL,1,
guarded01,2002,0.0,NLS200207090,MIN,AL,1,
guarded01,2003,0.0,ALS200307150,MIN,AL,1,
guerrvl01,2000,0.0,NLS200007110,MON,NL,1,7
guerrvl01,2001,0.0,ALS200107100,MON,NL,1,
guerrvl01,2002,0.0,NLS200207090,MON,NL,1,8
guerrvl01,2004,0.0,NLS200407130,ANA,AL,1,9
guerrvl01,2005,0.0,ALS200507120,LAA,AL,1,9
guerrvl01,2006,0.0,NLS200607110,LAA,AL,1,7
guerrvl01,2007,0.0,NLS200707100,LAA,AL,1,9
guerrvl01,2010,0.0,ALS201007130,TEX,AL,1,10
guerrvl02,2021,0.0,NLS202107130,TOR,AL,1,3
guerrvl02,2022,0.0,NLS202207190,TOR,AL,1,3
guerrvl02,2023,0.0,ALS202307110,TOR,AL,1,
guerrvl02,2024,0.0,ALS202407160,TOR,AL,1,3
guerrvl02,2025,0.0,NLS202507150,TOR,AL,1,3
guillca01,2004,0.0,NLS200407130,DET,AL,0,
guillca01,2007,0.0,NLS200707100,DET,AL,1,
guillca01,2008,0.0,ALS200807150,DET,AL,1,
gurrilo01,2023,0.0,ALS202307110,ARI,NL,1,
guzmacr01,2001,0.0,ALS200107100,MIN,AL,1,
guzmacr01,2008,0.0,ALS200807150,WAS,NL,1,
haderjo01,2018,0.0,NLS201807170,MIL,NL,1,
haderjo01,2019,0.0,ALS201907090,MIL,NL,0,
haderjo01,2021,0.0,NLS202107130,MIL,NL,0,
haderjo01,2022,0.0,NLS202207190,MIL,NL,0,
haderjo01,2023,0.0,ALS202307110,SDN,NL,1,
haderjo01,2025,0.0,NLS202507150,HOU,AL,0,
hallaro01,2002,0.0,NLS200207090,TOR,AL,1,
hallaro01,2003,0.0,ALS200307150,TOR,AL,0,
hallaro01,2005,0.0,ALS200507120,TOR,AL,0,
hallaro01,2006,0.0,NLS200607110,TOR,AL,1,
hallaro01,2008,0.0,ALS200807150,TOR,AL,1,
hallaro01,2009,0.0,NLS200907140,TOR,AL,1,1
hallaro01,2010,0.0,ALS201007130,PHI,NL,1,
hallaro01,2011,0.0,NLS201107120,PHI,NL,1,1
hamelco01,2007,0.0,NLS200707100,PHI,NL,1,
hamelco01,2011,0.0,NLS201107120,PHI,NL,0,
hamelco01,2012,0.0,ALS201207100,PHI,NL,1,
hamelco01,2016,0.0,ALS201607120,TEX,AL,1,
hamiljo03,2008,0.0,ALS200807150,TEX,AL,1,8
hamiljo03,2009,0.0,NLS200907140,TEX,AL,1,8
hamiljo03,2010,0.0,ALS201007130,TEX,AL,1,8
hamiljo03,2011,0.0,NLS201107120,TEX,AL,1,7
hamiljo03,2012,0.0,ALS201207100,TEX,AL,1,7
hammoje01,2000,0.0,NLS200007110,COL,NL,1,
hamptmi01,2001,0.0,ALS200107100,COL,NL,1,
handbr01,2017,0.0,NLS201707110,SDN,NL,1,
handbr01,2018,0.0,NLS201807170,SDN,NL,1,
handbr01,2019,0.0,ALS201907090,CLE,AL,1,
hanigmi01,2018,0.0,NLS201807170,SEA,AL,1,
hanrajo01,2011,0.0,NLS201107120,PIT,NL,1,
hanrajo01,2012,0.0,ALS201207100,PIT,NL,1,
happia01,2022,0.0,NLS202207190,CHN,NL,1,
happja01,2018,0.0,NLS201807170,TOR,AL,1,
hardyjj01,2007,0.0,NLS200707100,MIL,NL,1,
hardyjj01,2013,0.0,NLS201307160,BAL,AL,1,6
harenda01,2007,0.0,NLS200707100,OAK,AL,1,1
harenda01,2008,0.0,ALS200807150,ARI,NL,1,
harenda01,2009,0.0,NLS200907140,ARI,NL,1,
harpebr03,2012,0.0,ALS201207100,WAS,NL,1,
harpebr03,2013,0.0,NLS201307160,WAS,NL,1,8
harpebr03,2015,0.0,NLS201507140,WAS,NL,1,9
harpebr03,2016,0.0,ALS201607120,WAS,NL,1,9
harpebr03,2017,0.0,NLS201707110,WAS,NL,1,9
harpebr03,2018,0.0,NLS201807170,WAS,NL,1,8
harpebr03,2022,0.0,NLS202207190,PHI,NL,0,
harpebr03,2024,0.0,ALS202407160,PHI,NL,1,3
harrijo05,2014,0.0,ALS201407150,PIT,NL,1,
harrijo05,2017,0.0,NLS201707110,PIT,NL,1,
harrima01,2012,0.0,ALS201207100,TEX,AL,1,
harriwi02,2016,0.0,ALS201607120,HOU,AL,1,
hartco01,2008,0.0,ALS200807150,MIL,NL,1,
hartco01,2010,0.0,ALS201007130,MIL,NL,1,9
harveke01,2004,0.0,NLS200407130,KCA,AL,1,
harvema01,2013,0.0,NLS201307160,NYN,NL,1,1
hasegsh01,2003,0.0,ALS200307150,SEA,AL,1,
hawpebr01,2009,0.0,NLS200907140,COL,NL,1,
haysau01,2023,0.0,ALS202307110,BAL,AL,1,8
heimjo01,2023,0.0,ALS202307110,TEX,AL,1,2
helslry01,2022,0.0,NLS202207190,SLN,NL,1,
helslry01,2024,0.0,ALS202407160,SLN,NL,0,
heltoto01,2000,0.0,NLS200007110,COL,NL,1,
heltoto01,2001,0.0,ALS200107100,COL,NL,1,3
heltoto01,2002,0.0,NLS200207090,COL,NL,1,3
heltoto01,2003,0.0,ALS200307150,COL,NL,1,3
heltoto01,2004,0.0,NLS200407130,COL,NL,1,
hendegu01,2024,0.0,ALS202407160,BAL,AL,1,6
hendrli01,2019,0.0,ALS201907090,OAK,AL,1,
hendrli01,2021,0.0,NLS202107130,CHA,AL,1,
hendrli01,2022,0.0,NLS202207190,CHA,AL,1,
hernafe02,2009,0.0,NLS200907140,SEA,AL,1,
hernafe02,2011,0.0,NLS201107120,SEA,AL,0,
hernafe02,2012,0.0,ALS201207100,SEA,AL,0,
hernafe02,2013,0.0,NLS201307160,SEA,AL,1,
hernafe02,2014,0.0,ALS201407150,SEA,AL,1,1
hernafe02,2015,0.0,NLS201507140,SEA,AL,1,
hernajo01,2002,0.0,NLS200207090,MIL,NL,1,
hernali01,2004,0.0,NLS200407130,MON,NL,0,
hernali01,2005,0.0,ALS200507120,WAS,NL,1,
hernara02,2003,0.0,ALS200307150,OAK,AL,1,
hernate01,2021,0.0,NLS202107130,TOR,AL,1,7
hernate01,2024,0.0,ALS202407160,LAN,NL,1,8
herreke01,2015,0.0,NLS201507140,KCA,AL,0,
herreke01,2016,0.0,ALS201607120,KCA,AL,1,
herreod01,2016,0.0,ALS201607120,PHI,NL,1,
heywaja01,2010,0.0,ALS201007130,ATL,NL,0,
hillaa01,2009,0.0,NLS200907140,TOR,AL,1,4
hillesh02,2002,0.0,NLS200207090,BOS,AL,1,5
hillesh02,2005,0.0,ALS200507120,TOR,AL,1,
hoffmje02,2024,0.0,ALS202407160,PHI,NL,1,
hoffmtr01,2000,0.0,NLS200007110,SDN,NL,1,
hoffmtr01,2002,0.0,NLS200207090,SDN,NL,1,
hoffmtr01,2006,0.0,NLS200607110,SDN,NL,1,
hoffmtr01,2007,0.0,NLS200707100,SDN,NL,1,
hoffmtr01,2009,0.0,NLS200907140,MIL,NL,1,
hollagr01,2013,0.0,NLS201307160,KCA,AL,1,
hollagr01,2014,0.0,ALS201407150,KCA,AL,1,
hollagr01,2017,0.0,NLS201707110,COL,NL,1,
hollima01,2006,0.0,NLS200607110,COL,NL,1,
hollima01,2007,0.0,NLS200707100,COL,NL,1,
hollima01,2008,0.0,ALS200807150,COL,NL,1,9
hollima01,2010,0.0,ALS201007130,SLN,NL,1,
hollima01,2011,0.0,NLS201107120,SLN,NL,1,7
hollima01,2012,0.0,ALS201207100,SLN,NL,1,
hollima01,2015,0.0,NLS201507140,SLN,NL,0,
holmecl01,2022,0.0,NLS202207190,NYA,AL,1,
holmecl01,2024,0.0,ALS202407160,NYA,AL,0,
holtbr01,2015,0.0,NLS201507140,BOS,AL,1,
hosmeer01,2016,0.0,ALS201607120,KCA,AL,1,3
houckta01,2024,0.0,ALS202407160,BOS,AL,1,
howarry01,2006,0.0,NLS200607110,PHI,NL,1,
howarry01,2009,0.0,NLS200907140,PHI,NL,1,
howarry01,2010,0.0,ALS201007130,PHI,NL,1,10
hudsoor01,2007,0.0,NLS200707100,ARI,NL,1,
hudsoor01,2009,0.0,NLS200907140,LAN,NL,1,
hudsoti01,2000,0.0,NLS200007110,OAK,AL,1,
hudsoti01,2004,0.0,NLS200407130,OAK,AL,0,
hudsoti01,2010,0.0,ALS201007130,ATL,NL,0,
hudsoti01,2014,0.0,ALS201407150,SFN,NL,0,
hugheph01,2010,0.0,ALS201007130,NYA,AL,1,
hunteto01,2002,0.0,NLS200207090,MIN,AL,1,8
hunteto01,2007,0.0,NLS200707100,MIN,AL,1,
hunteto01,2009,0.0,NLS200907140,LAA,AL,0,
hunteto01,2010,0.0,ALS201007130,LAA,AL,1,
hunteto01,2013,0.0,NLS201307160,DET,AL,1,
ibanera01,2009,0.0,NLS200907140,PHI,NL,1,7
iglesjo01,2015,0.0,NLS201507140,DET,AL,1,
imanash01,2024,0.0,ALS202407160,CHN,NL,1,
inciaen01,2017,0.0,NLS201707110,ATL,NL,1,
infanom01,2010,0.0,ALS201007130,ATL,NL,0,
ingebr01,2009,0.0,NLS200907140,DET,AL,1,
isrinja01,2000,0.0,NLS200007110,OAK,AL,1,
isrinja01,2005,0.0,ALS200507120,SLN,NL,0,
iwakuhi01,2013,0.0,NLS201307160,SEA,AL,0,
izturce01,2005,0.0,ALS200507120,LAN,NL,0,
jacksed01,2009,0.0,NLS200907140,DET,AL,1,
janseke01,2016,0.0,ALS201607120,LAN,NL,1,
janseke01,2017,0.0,NLS201707110,LAN,NL,1,
janseke01,2018,0.0,NLS201807170,LAN,NL,0,
janseke01,2023,0.0,ALS202307110,BOS,AL,1,
jeffrje01,2018,0.0,NLS201807170,MIL,NL,1,
jenkige01,2003,0.0,ALS200307150,MIL,NL,0,
jenksbo01,2006,0.0,NLS200607110,CHA,AL,0,
jenksbo01,2007,0.0,NLS200707100,CHA,AL,0,
jeterde01,2000,0.0,NLS200007110,NYA,AL,1,6
jeterde01,2001,0.0,ALS200107100,NYA,AL,1,
jeterde01,2002,0.0,NLS200207090,NYA,AL,1,
jeterde01,2004,0.0,NLS200407130,NYA,AL,1,6
jeterde01,2006,0.0,NLS200607110,NYA,AL,1,6
jeterde01,2007,0.0,NLS200707100,NYA,AL,1,6
jeterde01,2008,0.0,ALS200807150,NYA,AL,1,6
jeterde01,2009,0.0,NLS200907140,NYA,AL,1,6
jeterde01,2010,0.0,ALS201007130,NYA,AL,1,6
jeterde01,2011,0.0,NLS201107120,NYA,AL,0,
jeterde01,2012,0.0,ALS201207100,NYA,AL,1,6
jeterde01,2014,0.0,ALS201407150,NYA,AL,1,6
jimenjo02,2018,0.0,NLS201807170,DET,AL,1,
jimenub01,2010,0.0,ALS201007130,COL,NL,1,1
johnsch04,2001,0.0,ALS200107100,FLO,NL,1,
johnsji04,2012,0.0,ALS201207100,BAL,AL,1,
johnsjo09,2009,0.0,NLS200907140,FLO,NL,0,
johnsjo09,2010,0.0,ALS201007130,FLO,NL,1,
johnsra05,2000,0.0,NLS200007110,ARI,NL,1,1
johnsra05,2001,0.0,ALS200107100,ARI,NL,1,1
johnsra05,2002,0.0,NLS200207090,ARI,NL,0,
johnsra05,2004,0.0,NLS200407130,ARI,NL,1,
jonesad01,2009,0.0,NLS200907140,BAL,AL,1,
jonesad01,2012,0.0,ALS201207100,BAL,AL,1,
jonesad01,2013,0.0,NLS201307160,BAL,AL,1,8
jonesad01,2014,0.0,ALS201407150,BAL,AL,1,8
jonesad01,2015,0.0,NLS201507140,BAL,AL,1,7
jonesan01,2000,0.0,NLS200007110,ATL,NL,1,
jonesan01,2002,0.0,NLS200207090,ATL,NL,1,
jonesan01,2003,0.0,ALS200307150,ATL,NL,1,
jonesan01,2005,0.0,ALS200507120,ATL,NL,1,
jonesan01,2006,0.0,NLS200607110,ATL,NL,0,
jonesch06,2000,0.0,NLS200007110,ATL,NL,1,5
jonesch06,2001,0.0,ALS200107100,ATL,NL,1,5
jonesch06,2008,0.0,ALS200807150,ATL,NL,1,5
jonesch06,2011,0.0,NLS201107120,ATL,NL,0,
jonesch06,2012,0.0,ALS201207100,ATL,NL,1,
jonesto02,2000,0.0,NLS200007110,DET,AL,1,
joycema01,2011,0.0,NLS201107120,TBA,AL,1,
judgeaa01,2017,0.0,NLS201707110,NYA,AL,1,9
judgeaa01,2018,0.0,NLS201807170,NYA,AL,1,7
judgeaa01,2021,0.0,NLS202107130,NYA,AL,1,9
judgeaa01,2022,0.0,NLS202207190,NYA,AL,1,9
judgeaa01,2023,0.0,ALS202307110,NYA,AL,0,
judgeaa01,2024,0.0,ALS202407160,NYA,AL,1,8
judgeaa01,2025,0.0,NLS202507150,NYA,AL,1,8
jungjo01,2023,0.0,ALS202307110,TEX,AL,1,5
jurrjja01,2011,0.0,NLS201107120,ATL,NL,1,
kazmisc01,2006,0.0,NLS200607110,TBA,AL,1,
kazmisc01,2008,0.0,ALS200807150,TBA,AL,1,
kazmisc01,2014,0.0,ALS201407150,OAK,AL,1,
kellemi03,2023,0.0,ALS202307110,PIT,NL,1,
kempma01,2011,0.0,NLS201107120,LAN,NL,1,8
kempma01,2012,0.0,ALS201207100,LAN,NL,0,
kempma01,2018,0.0,NLS201807170,LAN,NL,1,7
kendaja01,2000,0.0,NLS200007110,PIT,NL,1,2
kendrho01,2011,0.0,NLS201107120,LAA,AL,1,
kentje01,2000,0.0,NLS200007110,SFN,NL,1,4
kentje01,2001,0.0,ALS200107100,SFN,NL,1,4
kentje01,2004,0.0,NLS200407130,HOU,NL,1,4
kentje01,2005,0.0,ALS200507120,LAN,NL,1,4
kershcl01,2011,0.0,NLS201107120,LAN,NL,1,
kershcl01,2012,0.0,ALS201207100,LAN,NL,1,
kershcl01,2013,0.0,NLS201307160,LAN,NL,1,
kershcl01,2014,0.0,ALS201407150,LAN,NL,1,
kershcl01,2015,0.0,NLS201507140,LAN,NL,1,
kershcl01,2016,0.0,ALS201607120,LAN,NL,0,
kershcl01,2017,0.0,NLS201707110,LAN,NL,0,
kershcl01,2019,0.0,ALS201907090,LAN,NL,1,
kershcl01,2022,0.0,NLS202207190,LAN,NL,1,1
kershcl01,2023,0.0,ALS202307110,LAN,NL,0,
kershcl01,2025,0.0,NLS202507150,LAN,NL,1,
keuchda01,2015,0.0,NLS201507140,HOU,AL,1,1
keuchda01,2017,0.0,NLS201707110,HOU,AL,0,
kikucyu01,2021,0.0,NLS202107130,SEA,AL,0,
kikucyu01,2025,0.0,NLS202507150,LAA,AL,0,
kileda01,2000,0.0,NLS200007110,SLN,NL,1,
kimbrcr01,2011,0.0,NLS201107120,ATL,NL,1,
kimbrcr01,2012,0.0,ALS201207100,ATL,NL,1,
kimbrcr01,2013,0.0,NLS201307160,ATL,NL,1,
kimbrcr01,2014,0.0,ALS201407150,ATL,NL,1,
kimbrcr01,2016,0.0,ALS201607120,BOS,AL,0,
kimbrcr01,2017,0.0,NLS201707110,BOS,AL,1,
kimbrcr01,2018,0.0,NLS201807170,BOS,AL,0,
kimbrcr01,2021,0.0,NLS202107130,CHN,NL,1,
kimbrcr01,2023,0.0,ALS202307110,PHI,NL,1,
kimby01,2002,0.0,NLS200207090,ARI,NL,1,
kinslia01,2008,0.0,ALS200807150,TEX,AL,1,
kinslia01,2010,0.0,ALS201007130,TEX,AL,1,
kinslia01,2012,0.0,ALS201207100,TEX,AL,1,
kinslia01,2014,0.0,ALS201407150,DET,AL,1,
kintzbr01,2017,0.0,NLS201707110,MIN,AL,1,
kipnija01,2013,0.0,NLS201307160,CLE,AL,1,
kipnija01,2015,0.0,NLS201507140,CLE,AL,1,
kirbyge01,2023,0.0,ALS202307110,SEA,AL,1,
kirkal01,2022,0.0,NLS202207190,TOR,AL,1,2
kirkal01,2025,0.0,NLS202507150,TOR,AL,1,
kittran01,2021,0.0,NLS202107130,TBA,AL,1,
kleskry01,2001,0.0,ALS200107100,SDN,NL,1,
klubeco01,2016,0.0,ALS201607120,CLE,AL,1,
klubeco01,2017,0.0,NLS201707110,CLE,AL,0,
klubeco01,2018,0.0,NLS201807170,CLE,AL,0,
knebeco01,2017,0.0,NLS201707110,MIL,NL,0,
kolbda01,2004,0.0,NLS200407130,MIL,NL,1,
konerpa01,2002,0.0,NLS200207090,CHA,AL,1,
konerpa01,2005,0.0,ALS200507120,CHA,AL,1,
konerpa01,2006,0.0,NLS200607110,CHA,AL,1,
konerpa01,2010,0.0,ALS201007130,CHA,AL,1,
konerpa01,2011,0.0,NLS201107120,CHA,AL,1,
konerpa01,2012,0.0,ALS201207100,CHA,AL,1,
kuoho01,2010,0.0,ALS201007130,LAN,NL,1,
kwanst01,2024,0.0,ALS202407160,CLE,AL,1,7
kwanst01,2025,0.0,NLS202507150,CLE,AL,1,
lackejo01,2007,0.0,NLS200707100,LAA,AL,0,
lahaibr01,2012,0.0,ALS201207100,CHN,NL,1,
lambja01,2017,0.0,NLS201707110,ARI,NL,1,
larkiba01,2000,0.0,NLS200007110,CIN,NL,1,6
larkiba01,2004,0.0,NLS200407130,CIN,NL,1,
lasteto01,2019,0.0,ALS201907090,LAA,AL,0,
lawtoma02,2000,0.0,NLS200007110,MIN,AL,1,
lawtoma02,2004,0.0,NLS200407130,CLE,AL,1,
leagubr01,2011,0.0,NLS201107120,SEA,AL,1,
leeca01,2005,0.0,ALS200507120,MIL,NL,1,
leeca01,2006,0.0,NLS200607110,MIL,NL,1,
leeca01,2007,0.0,NLS200707100,HOU,NL,1,
leecl02,2008,0.0,ALS200807150,CLE,AL,1,1
leecl02,2010,0.0,ALS201007130,TEX,AL,1,
leecl02,2011,0.0,NLS201107120,PHI,NL,1,
leecl02,2013,0.0,NLS201307160,PHI,NL,1,
leede02,2005,0.0,ALS200507120,CHN,NL,1,3
leede02,2007,0.0,NLS200707100,CHN,NL,1,
leiteal01,2000,0.0,NLS200007110,NYN,NL,1,
lemahdj01,2015,0.0,NLS201507140,COL,NL,1,4
lemahdj01,2017,0.0,NLS201707110,COL,NL,0,
lemahdj01,2019,0.0,ALS201907090,NYA,AL,1,4
lestejo01,2010,0.0,ALS201007130,BOS,AL,1,
lestejo01,2011,0.0,NLS201107120,BOS,AL,0,
lestejo01,2014,0.0,ALS201407150,BOS,AL,1,
lestejo01,2016,0.0,ALS201607120,CHN,NL,1,
lestejo01,2018,0.0,NLS201807170,CHN,NL,0,
lidgebr01,2005,0.0,ALS200507120,HOU,NL,1,
lidgebr01,2008,0.0,ALS200807150,PHI,NL,1,
liebejo01,2001,0.0,ALS200107100,CHN,NL,1,
liebemi01,2000,0.0,NLS200007110,PHI,NL,1,
lillyte01,2004,0.0,NLS200407130,TOR,AL,1,
lillyte01,2009,0.0,NLS200907140,CHN,NL,0,
linceti01,2008,0.0,ALS200807150,SFN,NL,0,
linceti01,2009,0.0,NLS200907140,SFN,NL,1,1
linceti01,2010,0.0,ALS201007130,SFN,NL,0,
linceti01,2011,0.0,NLS201107120,SFN,NL,0,
lindofr01,2016,0.0,ALS201607120,CLE,AL,1,
lindofr01,2017,0.0,NLS201707110,CLE,AL,1,
lindofr01,2018,0.0,NLS201807170,CLE,AL,1,
lindofr01,2019,0.0,ALS201907090,CLE,AL,1,
lindofr01,2025,0.0,NLS202507150,NYN,NL,1,6
liriafr01,2006,0.0,NLS200607110,MIN,AL,0,
loaizes01,2003,0.0,ALS200307150,CHA,AL,1,1
loaizes01,2004,0.0,NLS200407130,CHA,AL,1,
lockeje01,2013,0.0,NLS201307160,PIT,NL,0,
loducpa01,2003,0.0,ALS200307150,LAN,NL,1,
loducpa01,2004,0.0,NLS200407130,LAN,NL,1,
loducpa01,2005,0.0,ALS200507120,FLO,NL,1,
loducpa01,2006,0.0,NLS200607110,NYN,NL,1,2
longoev01,2008,0.0,ALS200807150,TBA,AL,1,
longoev01,2009,0.0,NLS200907140,TBA,AL,0,
longoev01,2010,0.0,ALS201007130,TBA,AL,1,5
lopezfe01,2005,0.0,ALS200507120,CIN,NL,1,
lopezja01,2003,0.0,ALS200307150,ATL,NL,1,2
lopezjo01,2006,0.0,NLS200607110,SEA,AL,1,
lopezjo02,2022,0.0,NLS202207190,BAL,AL,1,
lopezpa01,2023,0.0,ALS202307110,MIN,AL,1,
lopezre01,2024,0.0,ALS202407160,ATL,NL,1,
lorenmi01,2023,0.0,ALS202307110,DET,AL,1,
loretma01,2004,0.0,NLS200407130,SDN,NL,1,
loretma01,2006,0.0,NLS200607110,BOS,AL,1,4
lowebr01,2019,0.0,ALS201907090,TBA,AL,0,
lowebr01,2025,0.0,NLS202507150,TBA,AL,0,
lowede01,2000,0.0,NLS200007110,BOS,AL,1,
lowede01,2002,0.0,NLS200207090,BOS,AL,1,1
lowelmi01,2002,0.0,NLS200207090,FLO,NL,1,
lowelmi01,2003,0.0,ALS200307150,FLO,NL,1,
lowelmi01,2004,0.0,NLS200407130,FLO,NL,1,
lowelmi01,2007,0.0,NLS200707100,BOS,AL,1,
lowrije01,2018,0.0,NLS201807170,OAK,AL,1,
lucrojo01,2014,0.0,ALS201407150,MIL,NL,1,2
lucrojo01,2016,0.0,ALS201607120,MIL,NL,1,
ludwiry01,2008,0.0,ALS200807150,SLN,NL,1,
lugose01,2024,0.0,ALS202407160,KCA,AL,1,
lynnla01,2012,0.0,ALS201207100,SLN,NL,0,
lynnla01,2021,0.0,NLS202107130,CHA,AL,1,
macdomi01,2003,0.0,ALS200307150,KCA,AL,0,
machama01,2013,0.0,NLS201307160,BAL,AL,1,
machama01,2015,0.0,NLS201507140,BAL,AL,1,
machama01,2016,0.0,ALS201607120,BAL,AL,1,5
machama01,2018,0.0,NLS201807170,BAL,AL,1,6
machama01,2021,0.0,NLS202107130,SDN,NL,1,
machama01,2022,0.0,NLS202207190,SDN,NL,1,5
machama01,2025,0.0,NLS202507150,SDN,NL,1,5
maddugr01,2000,0.0,NLS200007110,ATL,NL,0,
manoaal01,2022,0.0,NLS202207190,TOR,AL,1,
mantijo01,2022,0.0,NLS202207190,ARI,NL,1,
markani01,2018,0.0,NLS201807170,ATL,NL,1,9
marmoca01,2008,0.0,ALS200807150,CHN,NL,1,
marquge01,2021,0.0,NLS202107130,COL,NL,1,
marquja01,2009,0.0,NLS200907140,COL,NL,0,
marteke01,2019,0.0,ALS201907090,ARI,NL,1,4
marteke01,2024,0.0,ALS202407160,ARI,NL,1,4
marteke01,2025,0.0,NLS202507150,ARI,NL,1,4
martest01,2016,0.0,ALS201607120,PIT,NL,1,
martest01,2022,0.0,NLS202207190,NYN,NL,0,
martica04,2015,0.0,NLS201507140,SLN,NL,0,
martica04,2017,0.0,NLS201707110,SLN,NL,1,
martied01,2000,0.0,NLS200007110,SEA,AL,1,
martied01,2001,0.0,ALS200107100,SEA,AL,1,10
martied01,2003,0.0,ALS200307150,SEA,AL,1,10
martijd02,2015,0.0,NLS201507140,DET,AL,1,
martijd02,2018,0.0,NLS201807170,BOS,AL,1,10
martijd02,2019,0.0,ALS201907090,BOS,AL,1,10
martijd02,2021,0.0,NLS202107130,BOS,AL,1,
martijd02,2022,0.0,NLS202207190,BOS,AL,1,
martijd02,2023,0.0,ALS202307110,LAN,NL,1,10
martipe02,2000,0.0,NLS200007110,BOS,AL,0,
martipe02,2002,0.0,NLS200207090,BOS,AL,0,
martipe02,2005,0.0,ALS200507120,NYN,NL,0,
martipe02,2006,0.0,NLS200607110,NYN,NL,0,
martiru01,2007,0.0,NLS200707100,LAN,NL,1,2
martiru01,2008,0.0,ALS200807150,LAN,NL,1,
martiru01,2011,0.0,NLS201107120,NYA,AL,0,
martiru01,2015,0.0,NLS201507140,TOR,AL,1,
martivi01,2004,0.0,NLS200407130,CLE,AL,1,
martivi01,2007,0.0,NLS200707100,CLE,AL,1,
martivi01,2009,0.0,NLS200907140,CLE,AL,1,
martivi01,2010,0.0,ALS201007130,BOS,AL,0,
martivi01,2014,0.0,ALS201407150,DET,AL,0,
masteju01,2013,0.0,NLS201307160,CLE,AL,0,
matsuhi01,2003,0.0,ALS200307150,NYA,AL,1,8
matsuhi01,2004,0.0,NLS200407130,NYA,AL,1,
matthga02,2006,0.0,NLS200607110,TEX,AL,1,
mauerjo01,2006,0.0,NLS200607110,MIN,AL,1,
mauerjo01,2008,0.0,ALS200807150,MIN,AL,1,2
mauerjo01,2009,0.0,NLS200907140,MIN,AL,1,2
mauerjo01,2010,0.0,ALS201007130,MIN,AL,1,2
mauerjo01,2012,0.0,ALS201207100,MIN,AL,1,
mauerjo01,2013,0.0,NLS201307160,MIN,AL,1,2
maysjo01,2001,0.0,ALS200107100,MIN,AL,1,
mccanbr01,2006,0.0,NLS200607110,ATL,NL,1,
mccanbr01,2007,0.0,NLS200707100,ATL,NL,1,
mccanbr01,2008,0.0,ALS200807150,ATL,NL,1,
mccanbr01,2009,0.0,NLS200907140,ATL,NL,1,
mccanbr01,2010,0.0,ALS201007130,ATL,NL,1,
mccanbr01,2011,0.0,NLS201107120,ATL,NL,1,2
mccanbr01,2013,0.0,NLS201307160,ATL,NL,0,
mccanja02,2019,0.0,ALS201907090,CHA,AL,1,
mcclash01,2022,0.0,NLS202207190,TBA,AL,1,1
mcclash01,2023,0.0,ALS202307110,TBA,AL,0,
mcculla02,2017,0.0,NLS201707110,HOU,AL,0,
mccutan01,2011,0.0,NLS201107120,PIT,NL,1,
mccutan01,2012,0.0,ALS201207100,PIT,NL,1,
mccutan01,2013,0.0,NLS201307160,PIT,NL,1,
mccutan01,2014,0.0,ALS201407150,PIT,NL,1,8
mccutan01,2015,0.0,NLS201507140,PIT,NL,1,8
mcgrifr01,2000,0.0,NLS200007110,TBA,AL,1,
mcgwima01,2000,0.0,NLS200007110,SLN,NL,0,
mckinza01,2025,0.0,NLS202507150,DET,AL,1,
mclouna01,2008,0.0,ALS200807150,PIT,NL,1,
mcmahry01,2024,0.0,ALS202407160,COL,NL,1,
mcneije01,2019,0.0,ALS201907090,NYN,NL,1,
mcneije01,2022,0.0,NLS202207190,NYN,NL,1,4
meadoau01,2019,0.0,ALS201907090,TBA,AL,1,
meansjo01,2019,0.0,ALS201907090,BAL,AL,0,
mechegi01,2007,0.0,NLS200707100,KCA,AL,0,
meekev01,2010,0.0,ALS201007130,PIT,NL,0,
megiltr01,2025,0.0,NLS202507150,MIL,NL,1,
melanma01,2013,0.0,NLS201307160,PIT,NL,0,
melanma01,2015,0.0,NLS201507140,PIT,NL,1,
melanma01,2016,0.0,ALS201607120,PIT,NL,1,
melanma01,2021,0.0,NLS202107130,SDN,NL,1,
merrija01,2024,0.0,ALS202407160,SDN,NL,1,
merriwh01,2019,0.0,ALS201907090,KCA,AL,1,
merriwh01,2021,0.0,NLS202107130,KCA,AL,1,
merriwh01,2023,0.0,ALS202307110,TOR,AL,1,
mesorde01,2014,0.0,ALS201407150,CIN,NL,1,
mikolmi01,2018,0.0,NLS201807170,SLN,NL,0,
mikolmi01,2022,0.0,NLS202207190,SLN,NL,0,
mileywa01,2012,0.0,ALS201207100,ARI,NL,1,
millean01,2016,0.0,ALS201607120,NYA,AL,1,
millean01,2017,0.0,NLS201707110,CLE,AL,1,
milleda02,2002,0.0,NLS200207090,ARI,NL,1,
millema03,2024,0.0,ALS202407160,OAK,AL,1,
millesh01,2015,0.0,NLS201507140,ATL,NL,0,
miltoer01,2001,0.0,ALS200107100,MIN,AL,0,
misioja01,2025,0.0,NLS202507150,MIL,NL,1,
mizeca01,2025,0.0,NLS202507150,DET,AL,1,
molinya01,2009,0.0,NLS200907140,SLN,NL,1,2
molinya01,2010,0.0,ALS201007130,SLN,NL,1,2
molinya01,2011,0.0,NLS201107120,SLN,NL,1,
molinya01,2012,0.0,ALS201207100,SLN,NL,0,
molinya01,2013,0.0,NLS201307160,SLN,NL,1,2
molinya01,2014,0.0,ALS201407150,SLN,NL,0,
molinya01,2015,0.0,NLS201507140,SLN,NL,1,
molinya01,2017,0.0,NLS201707110,SLN,NL,1,
molinya01,2018,0.0,NLS201807170,SLN,NL,1,
molinya01,2021,0.0,NLS202107130,SLN,NL,0,
montemi01,2011,0.0,NLS201107120,ARI,NL,1,
montemi01,2014,0.0,ALS201407150,ARI,NL,1,
moorema02,2013,0.0,NLS201307160,TBA,AL,1,
morame01,2003,0.0,ALS200307150,BAL,AL,1,
morame01,2005,0.0,ALS200507120,BAL,AL,1,
morejad01,2025,0.0,NLS202507150,SDN,NL,1,
morelmi01,2018,0.0,NLS201807170,BOS,AL,1,
morneju01,2007,0.0,NLS200707100,MIN,AL,1,
morneju01,2008,0.0,ALS200807150,MIN,AL,1,
morneju01,2009,0.0,NLS200907140,MIN,AL,1,
morneju01,2010,0.0,ALS201007130,MIN,AL,0,
morrima01,2001,0.0,ALS200107100,SLN,NL,1,
morrima01,2002,0.0,NLS200207090,SLN,NL,0,
mortoch02,2018,0.0,NLS201807170,HOU,AL,1,
mortoch02,2019,0.0,ALS201907090,TBA,AL,0,
mossbr01,2014,0.0,ALS201407150,OAK,AL,1,
moustmi01,2015,0.0,NLS201507140,KCA,AL,1,
moustmi01,2017,0.0,NLS201707110,KCA,AL,1,
moustmi01,2019,0.0,ALS201907090,MIL,NL,1,
moyerja01,2003,0.0,ALS200307150,SEA,AL,1,
muldema01,2003,0.0,ALS200307150,OAK,AL,1,
muldema01,2004,0.0,NLS200407130,OAK,AL,1,1
mullice01,2021,0.0,NLS202107130,BAL,AL,1,8
muncyma01,2019,0.0,ALS201907090,LAN,NL,1,
muncyma01,2021,0.0,NLS202107130,LAN,NL,1,10
munozan01,2024,0.0,ALS202407160,SEA,AL,0,
munozan01,2025,0.0,NLS202507150,SEA,AL,1,
murphda08,2014,0.0,ALS201407150,NYN,NL,1,
murphda08,2016,0.0,ALS201607120,WAS,NL,1,
murphda08,2017,0.0,NLS201707110,WAS,NL,1,4
murphse01,2023,0.0,ALS202307110,ATL,NL,1,2
musgrjo01,2022,0.0,NLS202207190,SDN,NL,1,
myerswi01,2016,0.0,ALS201607120,SDN,NL,1,10
napolmi01,2012,0.0,ALS201207100,TEX,AL,1,2
narvaom01,2021,0.0,NLS202107130,MIL,NL,1,
nathajo01,2004,0.0,NLS200407130,MIN,AL,1,
nathajo01,2005,0.0,ALS200507120,MIN,AL,1,
nathajo01,2008,0.0,ALS200807150,MIN,AL,1,
nathajo01,2009,0.0,NLS200907140,MIN,AL,1,
nathajo01,2012,0.0,ALS201207100,TEX,AL,1,
nathajo01,2013,0.0,NLS201307160,TEX,AL,1,
navardi01,2008,0.0,ALS200807150,TBA,AL,1,
naylojo01,2024,0.0,ALS202407160,CLE,AL,1,
nelsoje01,2001,0.0,ALS200107100,SEA,AL,1,
nenro01,2002,0.0,NLS200207090,SFN,NL,1,
neshepa01,2014,0.0,ALS201407150,SLN,NL,1,
neshepa01,2017,0.0,NLS201707110,PHI,NL,1,
nevinph01,2001,0.0,ALS200107100,SDN,NL,1,
nolaaa01,2018,0.0,NLS201807170,PHI,NL,1,
norride01,2014,0.0,ALS201407150,OAK,AL,1,
nunezed02,2016,0.0,ALS201607120,MIN,AL,1,
odayda01,2015,0.0,NLS201507140,BAL,AL,0,
odorija01,2019,0.0,ALS201907090,MIN,AL,0,
ogandal01,2011,0.0,NLS201107120,TEX,AL,1,
ohearry01,2025,0.0,NLS202507150,BAL,AL,1,10
ohtansh01,2021,0.0,NLS202107130,LAA,AL,1,1;10
ohtansh01,2022,0.0,NLS202207190,LAA,AL,1,10
ohtansh01,2023,0.0,ALS202307110,LAA,AL,1,10
ohtansh01,2024,0.0,ALS202407160,LAN,NL,1,10
ohtansh01,2025,0.0,NLS202507150,LAN,NL,1,10
okajihi01,2007,0.0,NLS200707100,BOS,AL,0,
olerujo01,2001,0.0,ALS200107100,SEA,AL,1,3
olsonma02,2021,0.0,NLS202107130,OAK,AL,1,
olsonma02,2023,0.0,ALS202307110,ATL,NL,1,
olsonma02,2025,0.0,NLS202507150,ATL,NL,1,
ordonma01,2000,0.0,NLS200007110,CHA,AL,1,
ordonma01,2001,0.0,ALS200107100,CHA,AL,1,
ordonma01,2003,0.0,ALS200307150,CHA,AL,1,
ordonma01,2006,0.0,NLS200607110,DET,AL,1,
ordonma01,2007,0.0,NLS200707100,DET,AL,1,7
ortizda01,2004,0.0,NLS200407130,BOS,AL,1,
ortizda01,2005,0.0,ALS200507120,BOS,AL,1,10
ortizda01,2006,0.0,NLS200607110,BOS,AL,1,3
ortizda01,2007,0.0,NLS200707100,BOS,AL,1,3
ortizda01,2008,0.0,ALS200807150,BOS,AL,0,
ortizda01,2010,0.0,ALS201007130,BOS,AL,1,
ortizda01,2011,0.0,NLS201107120,BOS,AL,1,10
ortizda01,2012,0.0,ALS201207100,BOS,AL,1,10
ortizda01,2013,0.0,NLS201307160,BOS,AL,1,10
ortizda01,2016,0.0,ALS201607120,BOS,AL,1,10
ortizru01,2003,0.0,ALS200307150,ATL,NL,1,
osunaro01,2017,0.0,NLS201707110,TOR,AL,1,
oswalro01,2005,0.0,ALS200507120,HOU,NL,1,
oswalro01,2006,0.0,NLS200607110,HOU,NL,1,
oswalro01,2007,0.0,NLS200707100,HOU,NL,0,
ozunama01,2016,0.0,ALS201607120,MIA,NL,1,8
ozunama01,2017,0.0,NLS201707110,MIA,NL,1,7
ozunama01,2024,0.0,ALS202407160,ATL,NL,1,
padilvi01,2002,0.0,NLS200207090,PHI,NL,1,
panikjo01,2015,0.0,NLS201507140,SFN,NL,1,
papeljo01,2006,0.0,NLS200607110,BOS,AL,0,
papeljo01,2007,0.0,NLS200707100,BOS,AL,1,
papeljo01,2008,0.0,ALS200807150,BOS,AL,1,
papeljo01,2009,0.0,NLS200907140,BOS,AL,1,
papeljo01,2012,0.0,ALS201207100,PHI,NL,1,
papeljo01,2015,0.0,NLS201507140,PHI,NL,0,
paredis01,2024,0.0,ALS202407160,TBA,AL,1,
paredis01,2025,0.0,NLS202507150,HOU,AL,0,
parkch01,2001,0.0,ALS200107100,LAN,NL,1,
pavanca01,2004,0.0,NLS200407130,FLO,NL,1,
peavyja01,2005,0.0,ALS200507120,SDN,NL,1,
peavyja01,2007,0.0,NLS200707100,SDN,NL,1,1
peavyja01,2012,0.0,ALS201207100,CHA,AL,0,
pederjo01,2015,0.0,NLS201507140,LAN,NL,1,7
pederjo01,2022,0.0,NLS202207190,SFN,NL,1,7
pedrodu01,2008,0.0,ALS200807150,BOS,AL,1,4
pedrodu01,2009,0.0,NLS200907140,BOS,AL,0,
pedrodu01,2010,0.0,ALS201007130,BOS,AL,0,
pedrodu01,2013,0.0,NLS201307160,BOS,AL,1,
penaca01,2009,0.0,NLS200907140,TBA,AL,0,
penaje02,2025,0.0,NLS202507150,HOU,AL,0,
pencehu01,2009,0.0,NLS200907140,HOU,NL,0,
pencehu01,2011,0.0,NLS201107120,HOU,NL,1,
pencehu01,2014,0.0,ALS201407150,SFN,NL,1,
pencehu01,2019,0.0,ALS201907090,TEX,AL,0,
pennybr01,2006,0.0,NLS200607110,LAN,NL,1,1
pennybr01,2007,0.0,NLS200707100,LAN,NL,1,
peralfr01,2021,0.0,NLS202107130,MIL,NL,1,
peralfr01,2025,0.0,NLS202507150,MIL,NL,0,
peraljh01,2011,0.0,NLS201107120,DET,AL,1,
peraljh01,2013,0.0,NLS201307160,DET,AL,1,
peraljh01,2015,0.0,NLS201507140,SLN,NL,1,6
percitr01,2001,0.0,ALS200107100,ANA,AL,1,
perdoge01,2023,0.0,ALS202307110,ARI,NL,1,
perezch01,2011,0.0,NLS201107120,CLE,AL,1,
perezch01,2012,0.0,ALS201207100,CLE,AL,0,
perezma02,2022,0.0,NLS202207190,TEX,AL,1,
perezod01,2002,0.0,NLS200207090,LAN,NL,1,
perezsa02,2013,0.0,NLS201307160,KCA,AL,1,
perezsa02,2014,0.0,ALS201407150,KCA,AL,1,2
perezsa02,2015,0.0,NLS201507140,KCA,AL,1,2
perezsa02,2016,0.0,ALS201607120,KCA,AL,1,2
perezsa02,2017,0.0,NLS201707110,KCA,AL,1,2
perezsa02,2018,0.0,NLS201807170,KCA,AL,1,2
perezsa02,2021,0.0,NLS202107130,KCA,AL,1,2
perezsa02,2023,0.0,ALS202307110,KCA,AL,1,
perezsa02,2024,0.0,ALS202407160,KCA,AL,1,
perkigl01,2013,0.0,NLS201307160,MIN,AL,0,
perkigl01,2014,0.0,ALS201407150,MIN,AL,1,
perkigl01,2015,0.0,NLS201507140,MIN,AL,1,
peterda01,2025,0.0,NLS202507150,NYN,NL,1,
pettian01,2001,0.0,ALS200107100,NYA,AL,1,
pettian01,2010,0.0,ALS201007130,NYA,AL,1,
phillbr01,2010,0.0,ALS201007130,CIN,NL,1,
phillbr01,2011,0.0,NLS201107120,CIN,NL,1,
phillbr01,2013,0.0,NLS201307160,CIN,NL,1,4
piazzmi01,2000,0.0,NLS200007110,NYN,NL,0,
piazzmi01,2001,0.0,ALS200107100,NYN,NL,1,2
piazzmi01,2002,0.0,NLS200207090,NYN,NL,1,2
piazzmi01,2004,0.0,NLS200407130,NYN,NL,1,2
piazzmi01,2005,0.0,ALS200507120,NYN,NL,1,2
pierzaj01,2002,0.0,NLS200207090,MIN,AL,1,
pierzaj01,2006,0.0,NLS200607110,CHA,AL,0,
pinedmi01,2011,0.0,NLS201107120,SEA,AL,1,
podsesc01,2005,0.0,ALS200507120,CHA,AL,1,
polanjo01,2019,0.0,ALS201907090,MIN,AL,1,6
polanpl01,2007,0.0,NLS200707100,DET,AL,1,4
polanpl01,2011,0.0,NLS201107120,PHI,NL,0,
polloaj01,2015,0.0,NLS201507140,ARI,NL,1,
pomerdr01,2016,0.0,ALS201607120,SDN,NL,1,
posadjo01,2000,0.0,NLS200007110,NYA,AL,1,
posadjo01,2001,0.0,ALS200107100,NYA,AL,1,
posadjo01,2002,0.0,NLS200207090,NYA,AL,1,2
posadjo01,2003,0.0,ALS200307150,NYA,AL,1,2
posadjo01,2007,0.0,NLS200707100,NYA,AL,1,
poseybu01,2012,0.0,ALS201207100,SFN,NL,1,2
poseybu01,2013,0.0,NLS201307160,SFN,NL,1,
poseybu01,2015,0.0,NLS201507140,SFN,NL,1,2
poseybu01,2016,0.0,ALS201607120,SFN,NL,1,2
poseybu01,2017,0.0,NLS201707110,SFN,NL,1,2
poseybu01,2018,0.0,NLS201807170,SFN,NL,0,
poseybu01,2021,0.0,NLS202107130,SFN,NL,0,
pradoma01,2010,0.0,ALS201007130,ATL,NL,1,4
pressry01,2019,0.0,ALS201907090,HOU,AL,0,
pressry01,2021,0.0,NLS202107130,HOU,AL,0,
priceda01,2010,0.0,ALS201007130,TBA,AL,1,1
priceda01,2011,0.0,NLS201107120,TBA,AL,0,
priceda01,2012,0.0,ALS201207100,TBA,AL,1,
priceda01,2014,0.0,ALS201407150,TBA,AL,0,
priceda01,2015,0.0,NLS201507140,DET,AL,1,
priorma01,2003,0.0,ALS200307150,CHN,NL,0,
profaju01,2024,0.0,ALS202407160,SDN,NL,1,7
puigya01,2014,0.0,ALS201407150,LAN,NL,1,9
pujolal01,2001,0.0,ALS200107100,SLN,NL,1,
pujolal01,2003,0.0,ALS200307150,SLN,NL,1,7
pujolal01,2004,0.0,NLS200407130,SLN,NL,1,3
pujolal01,2005,0.0,ALS200507120,SLN,NL,1,10
pujolal01,2006,0.0,NLS200607110,SLN,NL,1,3
pujolal01,2007,0.0,NLS200707100,SLN,NL,0,
pujolal01,2008,0.0,ALS200807150,SLN,NL,1,10
pujolal01,2009,0.0,NLS200907140,SLN,NL,1,3
pujolal01,2010,0.0,ALS201007130,SLN,NL,1,3
pujolal01,2015,0.0,NLS201507140,LAA,AL,1,3
pujolal01,2022,0.0,NLS202207190,SLN,NL,1,
putzjj01,2007,0.0,NLS200707100,SEA,AL,1,
quantpa01,2001,0.0,ALS200107100,TOR,AL,1,
quentca01,2008,0.0,ALS200807150,CHA,AL,1,
quentca01,2011,0.0,NLS201107120,CHA,AL,1,
quintjo01,2016,0.0,ALS201607120,CHA,AL,1,
raganco01,2024,0.0,ALS202407160,KCA,AL,1,
raleica01,2025,0.0,NLS202507150,SEA,AL,1,2
ramiral03,2014,0.0,ALS201407150,CHA,AL,1,
ramirar01,2005,0.0,ALS200507120,CHN,NL,1,5
ramirar01,2008,0.0,ALS200807150,CHN,NL,1,
ramirar01,2014,0.0,ALS201407150,MIL,NL,1,5
ramirha01,2008,0.0,ALS200807150,FLO,NL,1,6
ramirha01,2009,0.0,NLS200907140,FLO,NL,1,6
ramirha01,2010,0.0,ALS201007130,FLO,NL,1,6
ramirjo01,2017,0.0,NLS201707110,CLE,AL,1,5
ramirjo01,2018,0.0,NLS201807170,CLE,AL,1,5
ramirjo01,2021,0.0,NLS202107130,CLE,AL,1,
ramirjo01,2022,0.0,NLS202207190,CLE,AL,1,
ramirjo01,2023,0.0,ALS202307110,CLE,AL,1,
ramirjo01,2024,0.0,ALS202407160,CLE,AL,1,5
ramirjo01,2025,0.0,NLS202507150,CLE,AL,0,
ramirma02,2000,0.0,NLS200007110,CLE,AL,0,
ramirma02,2001,0.0,ALS200107100,BOS,AL,1,7
ramirma02,2002,0.0,NLS200207090,BOS,AL,1,7
ramirma02,2003,0.0,ALS200307150,BOS,AL,0,
ramirma02,2004,0.0,NLS200407130,BOS,AL,1,7
ramirma02,2005,0.0,ALS200507120,BOS,AL,1,7
ramirma02,2006,0.0,NLS200607110,BOS,AL,0,
ramirma02,2007,0.0,NLS200707100,BOS,AL,1,
ramirma02,2008,0.0,ALS200807150,BOS,AL,1,7
ramosaj01,2016,0.0,ALS201607120,MIA,NL,0,
ramoshe02,2024,0.0,ALS202407160,SFN,NL,1,
ramoswi01,2016,0.0,ALS201607120,WAS,NL,1,
ramoswi01,2018,0.0,NLS201807170,TBA,AL,0,
rasmudr01,2025,0.0,NLS202507150,TBA,AL,1,
rayro02,2017,0.0,NLS201707110,ARI,NL,0,
rayro02,2025,0.0,NLS202507150,SFN,NL,0,
realmjt01,2018,0.0,NLS201807170,MIA,NL,1,
realmjt01,2019,0.0,ALS201907090,PHI,NL,1,
realmjt01,2021,0.0,NLS202107130,PHI,NL,1,2
redmama01,2006,0.0,NLS200607110,KCA,AL,0,
reedri01,2001,0.0,ALS200107100,NYN,NL,0,
remlimi01,2002,0.0,NLS200207090,ATL,NL,1,
rendoan01,2019,0.0,ALS201907090,WAS,NL,0,
renteed01,2000,0.0,NLS200007110,SLN,NL,1,
renteed01,2003,0.0,ALS200307150,SLN,NL,1,6
renteed01,2004,0.0,NLS200407130,SLN,NL,1,6
renteed01,2006,0.0,NLS200607110,ATL,NL,1,6
reyesal02,2021,0.0,NLS202107130,SLN,NL,0,
reyesjo01,2006,0.0,NLS200607110,NYN,NL,0,
reyesjo01,2007,0.0,NLS200707100,NYN,NL,1,6
reyesjo01,2010,0.0,ALS201007130,NYN,NL,0,
reyesjo01,2011,0.0,NLS201107120,NYN,NL,0,
reynobr01,2021,0.0,NLS202107130,PIT,NL,1,8
reynobr01,2024,0.0,ALS202407160,PIT,NL,1,
reynosh01,2000,0.0,NLS200007110,HOU,NL,0,
rhodear01,2010,0.0,ALS201007130,CIN,NL,0,
rileyau01,2022,0.0,NLS202207190,ATL,NL,1,
rileyau01,2023,0.0,ALS202307110,ATL,NL,1,
riosal01,2006,0.0,NLS200607110,TOR,AL,0,
riosal01,2007,0.0,NLS200707100,TOR,AL,1,
ripkeca01,2000,0.0,NLS200007110,BAL,AL,0,
ripkeca01,2001,0.0,ALS200107100,BAL,AL,1,6
riverfe01,2018,0.0,NLS201807170,PIT,NL,1,
riverfe01,2019,0.0,ALS201907090,PIT,NL,0,
riverma01,2000,0.0,NLS200007110,NYA,AL,1,
riverma01,2001,0.0,ALS200107100,NYA,AL,0,
riverma01,2002,0.0,NLS200207090,NYA,AL,1,
riverma01,2004,0.0,NLS200407130,NYA,AL,1,
riverma01,2005,0.0,ALS200507120,NYA,AL,1,
riverma01,2006,0.0,NLS200607110,NYA,AL,1,
riverma01,2008,0.0,ALS200807150,NYA,AL,1,
riverma01,2009,0.0,NLS200907140,NYA,AL,1,
riverma01,2010,0.0,ALS201007130,NYA,AL,0,
riverma01,2011,0.0,NLS201107120,NYA,AL,0,
riverma01,2013,0.0,NLS201307160,NYA,AL,1,
rizzoan01,2014,0.0,ALS201407150,CHN,NL,1,
rizzoan01,2015,0.0,NLS201507140,CHN,NL,1,10
rizzoan01,2016,0.0,ALS201607120,CHN,NL,1,3
roberbr01,2005,0.0,ALS200507120,BAL,AL,1,4
roberbr01,2007,0.0,NLS200707100,BAL,AL,1,
roberda08,2011,0.0,NLS201107120,NYA,AL,1,
roberlu01,2023,0.0,ALS202307110,CHA,AL,0,
rodnefe01,2012,0.0,ALS201207100,TBA,AL,1,
rodnefe01,2014,0.0,ALS201407150,SEA,AL,1,
rodnefe01,2016,0.0,ALS201607120,MIA,NL,1,
rodonca01,2021,0.0,NLS202107130,CHA,AL,0,
rodonca01,2022,0.0,NLS202207190,SFN,NL,0,
rodonca01,2025,0.0,NLS202507150,NYA,AL,1,
rodrial01,2000,0.0,NLS200007110,SEA,AL,0,
rodrial01,2001,0.0,ALS200107100,TEX,AL,1,5
rodrial01,2002,0.0,NLS200207090,TEX,AL,1,6
rodrial01,2003,0.0,ALS200307150,TEX,AL,1,6
rodrial01,2004,0.0,NLS200407130,NYA,AL,1,5
rodrial01,2005,0.0,ALS200507120,NYA,AL,1,5
rodrial01,2006,0.0,NLS200607110,NYA,AL,1,5
rodrial01,2007,0.0,NLS200707100,NYA,AL,1,5
rodrial01,2008,0.0,ALS200807150,NYA,AL,1,5
rodrial01,2010,0.0,ALS201007130,NYA,AL,0,
rodrial01,2011,0.0,NLS201107120,NYA,AL,0,
rodrifr03,2004,0.0,NLS200407130,ANA,AL,1,
rodrifr03,2007,0.0,NLS200707100,LAA,AL,1,
rodrifr03,2008,0.0,ALS200807150,LAA,AL,1,
rodrifr03,2009,0.0,NLS200907140,NYN,NL,1,
rodrifr03,2014,0.0,ALS201407150,MIL,NL,1,
rodrifr03,2015,0.0,NLS201507140,MIL,NL,1,
rodriiv01,2000,0.0,NLS200007110,TEX,AL,1,2
rodriiv01,2001,0.0,ALS200107100,TEX,AL,1,2
rodriiv01,2004,0.0,NLS200407130,DET,AL,1,2
rodriiv01,2005,0.0,ALS200507120,DET,AL,1,
rodriiv01,2006,0.0,NLS200607110,DET,AL,1,2
rodriiv01,2007,0.0,NLS200707100,DET,AL,1,2
rodriju01,2022,0.0,NLS202207190,SEA,AL,1,
rodriju01,2023,0.0,ALS202307110,SEA,AL,1,
rodriju01,2025,0.0,NLS202507150,SEA,AL,0,
rodrira02,2025,0.0,NLS202507150,SFN,NL,1,
rogerke01,2004,0.0,NLS200407130,TEX,AL,0,
rogerke01,2005,0.0,ALS200507120,TEX,AL,1,
rogerke01,2006,0.0,NLS200607110,DET,AL,1,1
rogerta01,2021,0.0,NLS202107130,MIN,AL,0,
rogertr01,2021,0.0,NLS202107130,MIA,NL,1,
rolensc01,2002,0.0,NLS200207090,PHI,NL,1,5
rolensc01,2003,0.0,ALS200307150,SLN,NL,1,5
rolensc01,2004,0.0,NLS200407130,SLN,NL,1,5
rolensc01,2005,0.0,ALS200507120,SLN,NL,0,
rolensc01,2006,0.0,NLS200607110,SLN,NL,0,
rolensc01,2010,0.0,ALS201007130,CIN,NL,1,
rolensc01,2011,0.0,NLS201107120,CIN,NL,1,5
rolliji01,2001,0.0,ALS200107100,PHI,NL,1,
rolliji01,2002,0.0,NLS200207090,PHI,NL,1,6
rolliji01,2005,0.0,ALS200507120,PHI,NL,1,
romanjo03,2022,0.0,NLS202207190,TOR,AL,0,
romanjo03,2023,0.0,ALS202307110,TOR,AL,1,
romerri01,2011,0.0,NLS201107120,TOR,AL,0,
romose01,2013,0.0,NLS201307160,SFN,NL,0,
rookebr01,2023,0.0,ALS202307110,OAK,AL,1,
rookebr01,2025,0.0,NLS202507150,ATH,AL,1,
rosentr01,2015,0.0,NLS201507140,SLN,NL,0,
rossty01,2014,0.0,ALS201407150,SDN,NL,0,
rowanaa01,2007,0.0,NLS200707100,PHI,NL,1,
ruizca01,2012,0.0,ALS201207100,PHI,NL,1,
russead02,2016,0.0,ALS201607120,CHN,NL,1,6
rutscad01,2023,0.0,ALS202307110,BAL,AL,1,
rutscad01,2024,0.0,ALS202407160,BAL,AL,1,2
ryanbj01,2005,0.0,ALS200507120,BAL,AL,1,
ryanbj01,2006,0.0,NLS200607110,TOR,AL,1,
ryanjo04,2025,0.0,NLS202507150,MIN,AL,1,
ryuhy01,2019,0.0,ALS201907090,LAN,NL,1,1
sabatcc01,2003,0.0,ALS200307150,CLE,AL,0,
sabatcc01,2004,0.0,NLS200407130,CLE,AL,1,
sabatcc01,2007,0.0,NLS200707100,CLE,AL,1,
sabatcc01,2010,0.0,ALS201007130,NYA,AL,0,
sabatcc01,2011,0.0,NLS201107120,NYA,AL,0,
sabatcc01,2012,0.0,ALS201207100,NYA,AL,0,
saitota01,2007,0.0,NLS200707100,LAN,NL,1,
salazda01,2016,0.0,ALS201607120,CLE,AL,0,
salech01,2012,0.0,ALS201207100,CHA,AL,1,
salech01,2013,0.0,NLS201307160,CHA,AL,1,
salech01,2014,0.0,ALS201407150,CHA,AL,1,
salech01,2015,0.0,NLS201507140,CHA,AL,0,
salech01,2016,0.0,ALS201607120,CHA,AL,1,1
salech01,2017,0.0,NLS201707110,BOS,AL,1,1
salech01,2018,0.0,NLS201807170,BOS,AL,1,1
salech01,2024,0.0,ALS202407160,ATL,NL,0,
salech01,2025,0.0,NLS202507150,ATL,NL,0,
samarje01,2014,0.0,ALS201407150,CHN,NL,0,
sanchaa01,2016,0.0,ALS201607120,TOR,AL,1,
sanchcr01,2024,0.0,ALS202407160,PHI,NL,1,
sanchfr01,2006,0.0,NLS200607110,PIT,NL,1,
sanchfr01,2007,0.0,NLS200707100,PIT,NL,1,
sanchfr01,2009,0.0,NLS200907140,PIT,NL,0,
sanchga01,2011,0.0,NLS201107120,FLO,NL,1,
sanchga02,2017,0.0,NLS201707110,NYA,AL,1,
sanchga02,2019,0.0,ALS201907090,NYA,AL,1,2
sandopa01,2011,0.0,NLS201107120,SFN,NL,1,
sandopa01,2012,0.0,ALS201207100,SFN,NL,1,5
sanomi01,2017,0.0,NLS201707110,MIN,AL,1,
santaan02,2024,0.0,ALS202407160,BAL,AL,1,
santaca01,2019,0.0,ALS201907090,CLE,AL,1,3
santaer01,2008,0.0,ALS200807150,LAA,AL,1,
santaer01,2017,0.0,NLS201707110,MIN,AL,1,
santajo01,2005,0.0,ALS200507120,MIN,AL,1,
santajo01,2006,0.0,NLS200607110,MIN,AL,1,
santajo01,2007,0.0,NLS200707100,MIN,AL,1,
santajo01,2009,0.0,NLS200907140,NYN,NL,0,
santibe01,2002,0.0,NLS200207090,SFN,NL,1,
santihe01,2015,0.0,NLS201507140,LAA,AL,0,
sasakka01,2001,0.0,ALS200107100,SEA,AL,1,
sasakka01,2002,0.0,NLS200207090,SEA,AL,1,
saundjo01,2008,0.0,ALS200807150,LAA,AL,1,
saundmi01,2016,0.0,ALS201607120,TOR,AL,1,
scherma01,2013,0.0,NLS201307160,DET,AL,1,1
scherma01,2014,0.0,ALS201407150,DET,AL,1,
scherma01,2015,0.0,NLS201507140,WAS,NL,0,
scherma01,2016,0.0,ALS201607120,WAS,NL,1,
scherma01,2017,0.0,NLS201707110,WAS,NL,1,1
scherma01,2018,0.0,NLS201807170,WAS,NL,1,1
scherma01,2019,0.0,ALS201907090,WAS,NL,0,
scherma01,2021,0.0,NLS202107130,WAS,NL,1,1
schilcu01,2001,0.0,ALS200107100,ARI,NL,0,
schilcu01,2002,0.0,NLS200207090,ARI,NL,1,1
schilcu01,2004,0.0,NLS200407130,BOS,AL,0,
schmija01,2003,0.0,ALS200307150,SFN,NL,1,1
schmija01,2004,0.0,NLS200407130,SFN,NL,0,
schmija01,2006,0.0,NLS200607110,SFN,NL,0,
schoojo01,2017,0.0,NLS201707110,BAL,AL,1,
schwaky01,2021,0.0,NLS202107130,WAS,NL,0,
schwaky01,2022,0.0,NLS202207190,PHI,NL,1,
schwaky01,2025,0.0,NLS202507150,PHI,NL,1,
scottta01,2024,0.0,ALS202407160,MIA,NL,1,
scutama01,2013,0.0,NLS201307160,SFN,NL,0,
seageco01,2016,0.0,ALS201607120,LAN,NL,1,
seageco01,2017,0.0,NLS201707110,LAN,NL,1,
seageco01,2022,0.0,NLS202207190,TEX,AL,1,
seageco01,2023,0.0,ALS202307110,TEX,AL,1,6
seageco01,2024,0.0,ALS202407160,TEX,AL,1,
seageky01,2014,0.0,ALS201407150,SEA,AL,1,
segurje01,2013,0.0,NLS201307160,MIL,NL,1,
segurje01,2018,0.0,NLS201807170,SEA,AL,1,
seleaa01,2000,0.0,NLS200007110,SEA,AL,1,
semiema01,2021,0.0,NLS202107130,TOR,AL,1,4
semiema01,2023,0.0,ALS202307110,TEX,AL,1,4
semiema01,2024,0.0,ALS202407160,TEX,AL,1,4
sengako01,2023,0.0,ALS202307110,NYN,NL,0,
severlu01,2017,0.0,NLS201707110,NYA,AL,0,
severlu01,2018,0.0,NLS201807170,NYA,AL,1,
sexsori01,2002,0.0,NLS200207090,MIL,NL,1,
sexsori01,2003,0.0,ALS200307150,MIL,NL,1,
shawje01,2001,0.0,ALS200107100,LAN,NL,1,
sheetbe01,2001,0.0,ALS200107100,MIL,NL,1,
sheetbe01,2004,0.0,NLS200407130,MIL,NL,1,
sheetbe01,2007,0.0,NLS200707100,MIL,NL,1,
sheetbe01,2008,0.0,ALS200807150,MIL,NL,1,1
sheffga01,2000,0.0,NLS200007110,LAN,NL,1,
sheffga01,2003,0.0,ALS200307150,ATL,NL,1,9
sheffga01,2004,0.0,NLS200407130,NYA,AL,1,
sheffga01,2005,0.0,ALS200507120,NYA,AL,1,
sherrge01,2008,0.0,ALS200807150,BAL,AL,1,
shielja02,2011,0.0,NLS201107120,TBA,AL,0,
simonal01,2014,0.0,ALS201407150,CIN,NL,1,
sizemgr01,2006,0.0,NLS200607110,CLE,AL,1,
sizemgr01,2007,0.0,NLS200707100,CLE,AL,1,
sizemgr01,2008,0.0,ALS200807150,CLE,AL,1,
skenepa01,2024,0.0,ALS202407160,PIT,NL,1,1
skenepa01,2025,0.0,NLS202507150,PIT,NL,1,1
skubata01,2024,0.0,ALS202407160,DET,AL,1,
skubata01,2025,0.0,NLS202507150,DET,AL,1,1
smithsh02,2025,0.0,NLS202507150,CHA,AL,1,
smithwi04,2019,0.0,ALS201907090,SFN,NL,1,
smithwi05,2023,0.0,ALS202307110,LAN,NL,1,
smithwi05,2024,0.0,ALS202407160,LAN,NL,1,
smithwi05,2025,0.0,NLS202507150,LAN,NL,1,2
smoakju01,2017,0.0,NLS201707110,TOR,AL,1,3
smoltjo01,2002,0.0,NLS200207090,ATL,NL,1,
smoltjo01,2003,0.0,ALS200307150,ATL,NL,0,
smoltjo01,2005,0.0,ALS200507120,ATL,NL,1,
smoltjo01,2007,0.0,NLS200707100,ATL,NL,0,
snellbl01,2018,0.0,NLS201807170,TBA,AL,1,
solerjo01,2023,0.0,ALS202307110,MIA,NL,1,
soriaal01,2002,0.0,NLS200207090,NYA,AL,1,4
soriaal01,2003,0.0,ALS200307150,NYA,AL,1,4
soriaal01,2004,0.0,NLS200407130,TEX,AL,1,4
soriaal01,2005,0.0,ALS200507120,TEX,AL,1,
soriaal01,2006,0.0,NLS200607110,WAS,NL,1,7
soriaal01,2007,0.0,NLS200707100,CHN,NL,1,
soriaal01,2008,0.0,ALS200807150,CHN,NL,0,
soriajo01,2008,0.0,ALS200807150,KCA,AL,1,
soriajo01,2010,0.0,ALS201007130,KCA,AL,0,
soriara01,2010,0.0,ALS201007130,TBA,AL,1,
sorokmi01,2019,0.0,ALS201907090,ATL,NL,1,
sosasa01,2000,0.0,NLS200007110,CHN,NL,1,9
sosasa01,2001,0.0,ALS200107100,CHN,NL,1,9
sosasa01,2002,0.0,NLS200207090,CHN,NL,1,9
sosasa01,2004,0.0,NLS200407130,CHN,NL,1,9
sotoge01,2008,0.0,ALS200807150,CHN,NL,1,2
sotogr01,2021,0.0,NLS202107130,DET,AL,1,
sotogr01,2022,0.0,NLS202207190,DET,AL,1,
sotoju01,2021,0.0,NLS202107130,WAS,NL,1,
sotoju01,2022,0.0,NLS202207190,WAS,NL,1,
sotoju01,2023,0.0,ALS202307110,SDN,NL,1,
sotoju01,2024,0.0,ALS202407160,NYA,AL,1,9
spiveju01,2002,0.0,NLS200207090,ARI,NL,1,
springe01,2017,0.0,NLS201707110,HOU,AL,1,7
springe01,2018,0.0,NLS201807170,HOU,AL,1,
springe01,2019,0.0,ALS201907090,HOU,AL,1,9
springe01,2022,0.0,NLS202207190,TOR,AL,0,
stantmi02,2001,0.0,ALS200107100,NYA,AL,1,
stantmi03,2012,0.0,ALS201207100,MIA,NL,0,
stantmi03,2014,0.0,ALS201407150,MIA,NL,1,10
stantmi03,2015,0.0,NLS201507140,MIA,NL,0,
stantmi03,2017,0.0,NLS201707110,MIA,NL,1,10
stantmi03,2022,0.0,NLS202207190,NYA,AL,1,7
steelju01,2023,0.0,ALS202307110,CHN,NL,1,
storytr01,2018,0.0,NLS201807170,COL,NL,1,
storytr01,2019,0.0,ALS201907090,COL,NL,1,
stoweky01,2025,0.0,NLS202507150,MIA,NL,1,
strahma01,2024,0.0,ALS202407160,PHI,NL,1,
strasst01,2012,0.0,ALS201207100,WAS,NL,1,
strasst01,2016,0.0,ALS201607120,WAS,NL,0,
strasst01,2017,0.0,NLS201707110,WAS,NL,0,
streehu01,2012,0.0,ALS201207100,SDN,NL,0,
streehu01,2014,0.0,ALS201407150,SDN,NL,0,
stridsp01,2023,0.0,ALS202307110,ATL,NL,0,
stripro01,2018,0.0,NLS201807170,LAN,NL,1,
stromma01,2023,0.0,ALS202307110,CHN,NL,0,
suareeu01,2018,0.0,NLS201807170,CIN,NL,1,
suareeu01,2025,0.0,NLS202507150,ARI,NL,1,
suarera01,2024,0.0,ALS202407160,PHI,NL,0,
suarero01,2024,0.0,ALS202407160,SDN,NL,1,
suarero01,2025,0.0,NLS202507150,SDN,NL,1,
suzukic01,2001,0.0,ALS200107100,SEA,AL,1,8
suzukic01,2002,0.0,NLS200207090,SEA,AL,1,9
suzukic01,2003,0.0,ALS200307150,SEA,AL,1,9
suzukic01,2004,0.0,NLS200407130,SEA,AL,1,8
suzukic01,2005,0.0,ALS200507120,SEA,AL,1,
suzukic01,2006,0.0,NLS200607110,SEA,AL,1,9
suzukic01,2007,0.0,NLS200707100,SEA,AL,1,8
suzukic01,2008,0.0,ALS200807150,SEA,AL,1,9
suzukic01,2009,0.0,NLS200907140,SEA,AL,1,9
suzukic01,2010,0.0,ALS201007130,SEA,AL,1,9
suzukku01,2014,0.0,ALS201407150,MIN,AL,1,
swansda01,2022,0.0,NLS202207190,ATL,NL,1,
swansda01,2023,0.0,ALS202307110,CHN,NL,0,
sweenmi01,2000,0.0,NLS200007110,KCA,AL,1,
sweenmi01,2001,0.0,ALS200107100,KCA,AL,1,
sweenmi01,2002,0.0,NLS200207090,KCA,AL,1,
sweenmi01,2003,0.0,ALS200307150,KCA,AL,0,
sweenmi01,2005,0.0,ALS200507120,KCA,AL,1,
swishni01,2010,0.0,ALS201007130,NYA,AL,1,
syndeno01,2016,0.0,ALS201607120,NYN,NL,0,
tanakma01,2014,0.0,ALS201407150,NYA,AL,0,
tanakma01,2019,0.0,ALS201907090,NYA,AL,1,
tatisfe02,2021,0.0,NLS202107130,SDN,NL,1,6
tatisfe02,2024,0.0,ALS202407160,SDN,NL,0,
tatisfe02,2025,0.0,NLS202507150,SDN,NL,1,
tayloch03,2021,0.0,NLS202107130,LAN,NL,1,
teherju01,2014,0.0,ALS201407150,ATL,NL,0,
teherju01,2016,0.0,ALS201607120,ATL,NL,1,
teixema01,2005,0.0,ALS200507120,TEX,AL,1,3
teixema01,2009,0.0,NLS200907140,NYA,AL,1,3
teixema01,2015,0.0,NLS201507140,NYA,AL,1,
tejadmi01,2002,0.0,NLS200207090,OAK,AL,1,
tejadmi01,2004,0.0,NLS200407130,BAL,AL,1,
tejadmi01,2005,0.0,ALS200507120,BAL,AL,1,6
tejadmi01,2006,0.0,NLS200607110,BAL,AL,1,
tejadmi01,2008,0.0,ALS200807150,HOU,NL,1,
tejadmi01,2009,0.0,NLS200907140,HOU,NL,1,
thomeji01,2004,0.0,NLS200407130,PHI,NL,1,
thomeji01,2006,0.0,NLS200607110,CHA,AL,1,
thornma01,2010,0.0,ALS201007130,CHA,AL,1,
tillmch01,2013,0.0,NLS201307160,BAL,AL,0,
torregl01,2018,0.0,NLS201807170,NYA,AL,0,
torregl01,2019,0.0,ALS201907090,NYA,AL,1,
torregl01,2025,0.0,NLS202507150,DET,AL,1,4
treinbl01,2018,0.0,NLS201807170,OAK,AL,1,
trevijo01,2022,0.0,NLS202207190,NYA,AL,1,
troutmi01,2012,0.0,ALS201207100,LAA,AL,1,
troutmi01,2013,0.0,NLS201307160,LAA,AL,1,7
troutmi01,2014,0.0,ALS201407150,LAA,AL,1,7
troutmi01,2015,0.0,NLS201507140,LAA,AL,1,8
troutmi01,2016,0.0,ALS201607120,LAA,AL,1,8
troutmi01,2017,0.0,NLS201707110,LAA,AL,0,
troutmi01,2018,0.0,NLS201807170,LAA,AL,1,8
troutmi01,2019,0.0,ALS201907090,LAA,AL,1,8
troutmi01,2021,0.0,NLS202107130,LAA,AL,0,
troutmi01,2022,0.0,NLS202207190,LAA,AL,0,
troutmi01,2023,0.0,ALS202307110,LAA,AL,0,
trumbma01,2012,0.0,ALS201207100,LAA,AL,1,
trumbma01,2016,0.0,ALS201607120,BAL,AL,1,
tuckeky01,2022,0.0,NLS202207190,HOU,AL,1,
tuckeky01,2023,0.0,ALS202307110,HOU,AL,1,
tuckeky01,2024,0.0,ALS202407160,HOU,AL,0,
tuckeky01,2025,0.0,NLS202507150,CHN,NL,1,9
tulowtr01,2010,0.0,ALS201007130,COL,NL,0,
tulowtr01,2011,0.0,NLS201107120,COL,NL,1,6
tulowtr01,2013,0.0,NLS201307160,COL,NL,1,6
tulowtr01,2014,0.0,ALS201407150,COL,NL,1,6
tulowtr01,2015,0.0,NLS201507140,COL,NL,1,
turnbde01,2006,0.0,NLS200607110,MIL,NL,1,
turneju01,2017,0.0,NLS201707110,LAN,NL,1,
turneju01,2021,0.0,NLS202107130,LAN,NL,1,
turnetr01,2021,0.0,NLS202107130,WAS,NL,1,
turnetr01,2022,0.0,NLS202207190,LAN,NL,1,6
turnetr01,2024,0.0,ALS202407160,PHI,NL,1,6
ueharko01,2014,0.0,ALS201407150,BOS,AL,1,
ugglada01,2006,0.0,NLS200607110,FLO,NL,0,
ugglada01,2008,0.0,ALS200807150,FLO,NL,1,
ugglada01,2012,0.0,ALS201207100,ATL,NL,1,4
uptonju01,2009,0.0,NLS200907140,ARI,NL,1,
uptonju01,2011,0.0,NLS201107120,ARI,NL,1,
uptonju01,2015,0.0,NLS201507140,SDN,NL,1,
uptonju01,2017,0.0,NLS201707110,DET,AL,1,
urbinug01,2002,0.0,NLS200207090,BOS,AL,1,
utleych01,2006,0.0,NLS200607110,PHI,NL,1,4
utleych01,2007,0.0,NLS200707100,PHI,NL,1,4
utleych01,2008,0.0,ALS200807150,PHI,NL,1,4
utleych01,2009,0.0,NLS200907140,PHI,NL,1,4
utleych01,2010,0.0,ALS201007130,PHI,NL,0,
utleych01,2014,0.0,ALS201407150,PHI,NL,1,4
valdefr01,2022,0.0,NLS202207190,HOU,AL,1,
valdefr01,2023,0.0,ALS202307110,HOU,AL,0,
valvejo01,2007,0.0,NLS200707100,ARI,NL,0,
valvejo01,2010,0.0,ALS201007130,DET,AL,1,
valvejo01,2011,0.0,NLS201107120,DET,AL,0,
vargaja01,2017,0.0,NLS201707110,KCA,AL,1,
varitja01,2003,0.0,ALS200307150,BOS,AL,0,
varitja01,2005,0.0,ALS200507120,BOS,AL,1,2
varitja01,2008,0.0,ALS200807150,BOS,AL,1,
vaughgr01,2001,0.0,ALS200107100,TBA,AL,0,
vazquja01,2004,0.0,NLS200407130,NYA,AL,1,
ventejo01,2011,0.0,NLS201107120,ATL,NL,1,
venturo01,2002,0.0,NLS200207090,NYA,AL,1,
verlaju01,2007,0.0,NLS200707100,DET,AL,1,
verlaju01,2009,0.0,NLS200907140,DET,AL,0,
verlaju01,2010,0.0,ALS201007130,DET,AL,1,
verlaju01,2011,0.0,NLS201107120,DET,AL,0,
verlaju01,2012,0.0,ALS201207100,DET,AL,1,1
verlaju01,2013,0.0,NLS201307160,DET,AL,0,
verlaju01,2018,0.0,NLS201807170,HOU,AL,0,
verlaju01,2019,0.0,ALS201907090,HOU,AL,1,1
verlaju01,2022,0.0,NLS202207190,HOU,AL,0,
victosh01,2009,0.0,NLS200907140,PHI,NL,1,8
victosh01,2011,0.0,NLS201107120,PHI,NL,0,
vidrojo01,2000,0.0,NLS200007110,MON,NL,1,
vidrojo01,2002,0.0,NLS200207090,MON,NL,1,4
vidrojo01,2003,0.0,ALS200307150,MON,NL,1,4
vizquom01,2002,0.0,NLS200207090,CLE,AL,1,
vogelda01,2019,0.0,ALS201907090,SEA,AL,1,
vogelry01,2011,0.0,NLS201107120,SFN,NL,0,
vogtst01,2015,0.0,NLS201507140,OAK,AL,1,
vogtst01,2016,0.0,ALS201607120,OAK,AL,0,
volqued01,2008,0.0,ALS200807150,CIN,NL,1,
vottojo01,2010,0.0,ALS201007130,CIN,NL,1,
vottojo01,2011,0.0,NLS201107120,CIN,NL,1,
vottojo01,2012,0.0,ALS201207100,CIN,NL,1,3
vottojo01,2013,0.0,NLS201307160,CIN,NL,1,3
vottojo01,2017,0.0,NLS201707110,CIN,NL,1,
vottojo01,2018,0.0,NLS201807170,CIN,NL,1,
wachami01,2015,0.0,NLS201507140,SLN,NL,0,
wagnebi02,2001,0.0,ALS200107100,HOU,NL,1,
wagnebi02,2003,0.0,ALS200307150,HOU,NL,1,
wagnebi02,2005,0.0,ALS200507120,PHI,NL,0,
wagnebi02,2007,0.0,NLS200707100,NYN,NL,1,
wagnebi02,2008,0.0,ALS200807150,NYN,NL,1,
wainwad01,2010,0.0,ALS201007130,SLN,NL,1,
wainwad01,2013,0.0,NLS201307160,SLN,NL,0,
wainwad01,2014,0.0,ALS201407150,SLN,NL,1,1
wakefti01,2009,0.0,NLS200907140,BOS,AL,0,
waldejo01,2011,0.0,NLS201107120,LAA,AL,1,
walkela01,2001,0.0,ALS200107100,COL,NL,1,10
walketa01,2021,0.0,NLS202107130,NYN,NL,1,
walshja01,2021,0.0,NLS202107130,LAA,AL,1,
watsoto01,2014,0.0,ALS201407150,PIT,NL,1,
weaveje02,2010,0.0,ALS201007130,LAA,AL,0,
weaveje02,2011,0.0,NLS201107120,LAA,AL,1,1
weaveje02,2012,0.0,ALS201207100,LAA,AL,1,
webbbr01,2006,0.0,NLS200607110,ARI,NL,1,
webbbr01,2007,0.0,NLS200707100,ARI,NL,0,
webbbr01,2008,0.0,ALS200807150,ARI,NL,1,
webblo01,2024,0.0,ALS202407160,SFN,NL,1,
webblo01,2025,0.0,NLS202507150,SFN,NL,1,
weeksri01,2011,0.0,NLS201107120,MIL,NL,1,4
wellsda01,2000,0.0,NLS200007110,TOR,AL,1,1
wellsve01,2003,0.0,ALS200307150,TOR,AL,1,
wellsve01,2006,0.0,NLS200607110,TOR,AL,1,8
wellsve01,2010,0.0,ALS201007130,TOR,AL,1,
wendljo01,2021,0.0,NLS202107130,TBA,AL,1,
werthja01,2009,0.0,NLS200907140,PHI,NL,1,
westbja01,2004,0.0,NLS200407130,CLE,AL,0,
westbjo01,2024,0.0,ALS202407160,BAL,AL,1,
wheelza01,2021,0.0,NLS202107130,PHI,NL,0,
wheelza01,2024,0.0,ALS202407160,PHI,NL,0,
wheelza01,2025,0.0,NLS202507150,PHI,NL,0,
whitero02,2003,0.0,ALS200307150,SDN,NL,1,
wickmbo01,2000,0.0,NLS200007110,MIL,NL,1,
wickmbo01,2005,0.0,ALS200507120,CLE,AL,1,
wietema01,2011,0.0,NLS201107120,BAL,AL,1,
wietema01,2012,0.0,ALS201207100,BAL,AL,1,
wietema01,2014,0.0,ALS201407150,BAL,AL,0,
wietema01,2016,0.0,ALS201607120,BAL,AL,1,
wiggity01,2010,0.0,ALS201007130,BAL,AL,1,
willibe02,2000,0.0,NLS200007110,NYA,AL,1,8
willibe02,2001,0.0,ALS200107100,NYA,AL,1,
willide03,2022,0.0,NLS202207190,MIL,NL,1,
willide03,2023,0.0,ALS202307110,MIL,NL,0,
willido03,2003,0.0,ALS200307150,FLO,NL,0,
willido03,2005,0.0,ALS200507120,FLO,NL,1,
willimi03,2002,0.0,NLS200207090,PIT,NL,1,
willimi03,2003,0.0,ALS200307150,PIT,NL,0,
williwo02,2003,0.0,ALS200307150,SLN,NL,1,
wilsobr01,2008,0.0,ALS200807150,SFN,NL,1,
wilsobr01,2010,0.0,ALS201007130,SFN,NL,1,
wilsobr01,2011,0.0,NLS201107120,SFN,NL,1,
wilsocj01,2011,0.0,NLS201107120,TEX,AL,1,
wilsocj01,2012,0.0,ALS201207100,LAA,AL,0,
wilsoja02,2004,0.0,NLS200407130,PIT,NL,1,
wilsoja04,2025,0.0,NLS202507150,ATH,AL,1,6
wilsopr01,2003,0.0,ALS200307150,COL,NL,1,
winkeje01,2021,0.0,NLS202107130,CIN,NL,1,7
winnra01,2002,0.0,NLS200207090,TBA,AL,1,
wittbo02,2024,0.0,ALS202407160,KCA,AL,1,
wittbo02,2025,0.0,NLS202507150,KCA,AL,1,
wolfra02,2003,0.0,ALS200307150,PHI,NL,1,
woobr01,2025,0.0,NLS202507150,SEA,AL,1,
woodal02,2017,0.0,NLS201707110,LAN,NL,1,
woodja03,2025,0.0,NLS202507150,WAS,NL,1,
woodke02,2003,0.0,ALS200307150,CHN,NL,1,
woodke02,2008,0.0,ALS200807150,CHN,NL,0,
woodrbr01,2019,0.0,ALS201907090,MIL,NL,1,
woodrbr01,2021,0.0,NLS202107130,MIL,NL,0,
woodtr01,2013,0.0,NLS201307160,CHN,NL,0,
wrighda03,2006,0.0,NLS200607110,NYN,NL,1,5
wrighda03,2007,0.0,NLS200707100,NYN,NL,1,5
wrighda03,2008,0.0,ALS200807150,NYN,NL,1,
wrighda03,2009,0.0,NLS200907140,NYN,NL,1,5
wrighda03,2010,0.0,ALS201007130,NYN,NL,1,5
wrighda03,2012,0.0,ALS201207100,NYN,NL,1,
wrighda03,2013,0.0,NLS201307160,NYN,NL,1,5
wrighst01,2016,0.0,ALS201607120,BOS,AL,0,
yamamyo01,2025,0.0,NLS202507150,LAN,NL,0,
yateski01,2019,0.0,ALS201907090,SDN,NL,0,
yateski01,2024,0.0,ALS202407160,TEX,AL,1,
yelicch01,2018,0.0,NLS201807170,MIL,NL,1,
yelicch01,2019,0.0,ALS201907090,MIL,NL,1,7
yelicch01,2024,0.0,ALS202407160,MIL,NL,1,9
youklke01,2008,0.0,ALS200807150,BOS,AL,1,3
youklke01,2009,0.0,NLS200907140,BOS,AL,1,
youklke01,2011,0.0,NLS201107120,BOS,AL,1,
youngch03,2007,0.0,NLS200707100,SDN,NL,1,
youngch04,2010,0.0,ALS201007130,ARI,NL,1,
youngdm01,2003,0.0,ALS200307150,DET,AL,0,
youngdm01,2007,0.0,NLS200707100,WAS,NL,1,
youngmi02,2004,0.0,NLS200407130,TEX,AL,1,
youngmi02,2005,0.0,ALS200507120,TEX,AL,1,
youngmi02,2006,0.0,NLS200607110,TEX,AL,1,
youngmi02,2007,0.0,NLS200707100,TEX,AL,0,
youngmi02,2008,0.0,ALS200807150,TEX,AL,1,
youngmi02,2009,0.0,NLS200907140,TEX,AL,1,5
youngmi02,2011,0.0,NLS201107120,TEX,AL,1,
zambrca01,2004,0.0,NLS200407130,CHN,NL,1,
zambrca01,2006,0.0,NLS200607110,CHN,NL,0,
zambrca01,2008,0.0,ALS200807150,CHN,NL,1,
zimmejo02,2013,0.0,NLS201307160,WAS,NL,0,
zimmejo02,2014,0.0,ALS201407150,WAS,NL,0,
zimmery01,2009,0.0,NLS200907140,WAS,NL,1,
zimmery01,2017,0.0,NLS201707110,WAS,NL,1,3
zitoba01,2002,0.0,NLS200207090,OAK,AL,1,
zitoba01,2003,0.0,ALS200307150,OAK,AL,0,
zitoba01,2006,0.0,NLS200607110,OAK,AL,1,
zobribe01,2009,0.0,NLS200907140,TBA,AL,1,
zobribe01,2013,0.0,NLS201307160,TBA,AL,0,
zobribe01,2016,0.0,ALS201607120,CHN,NL,1,4
zuninmi01,2021,0.0,NLS202107130,TBA,AL,1,
