yearkey,leaguekey,teamkey,parkkey,spanfirst,spanlast,games,openings,attendance
2000,AL,ANA,ANA01,2000-04-03,2000-10-01,81,81,2066982
2000,NL,ARI,PHO01,2000-04-04,2000-10-01,81,81,2942251
2000,NL,ATL,ATL02,2000-04-03,2000-10-01,81,81,3234304
2000,AL,BAL,BAL12,2000-04-03,2000-10-01,81,81,3297031
2000,AL,BOS,BOS07,2000-04-11,2000-09-24,81,81,2585895
2000,AL,CHA,CHI12,2000-04-14,2000-10-01,81,80,1947799
2000,NL,CHN,CHI11,2000-04-10,2000-09-28,80,79,2734511
2000,NL,CHN,TOK01,2000-03-30,2000-03-30,1,1,55000
2000,NL,CIN,CIN08,2000-04-03,2000-09-24,82,82,2594132
2000,AL,CLE,CLE08,2000-04-14,2000-10-01,81,81,3456278
2000,NL,COL,DEN02,2000-04-10,2000-09-28,81,81,3295129
2000,AL,DET,DET05,2000-04-11,2000-10-01,81,81,2533753
2000,NL,FLO,MIA01,2000-04-03,2000-10-01,81,80,1218326
2000,NL,HOU,HOU03,2000-04-07,2000-10-01,81,81,3056139
2000,AL,KCA,KAN06,2000-04-07,2000-09-28,81,81,1677915
2000,NL,LAN,LOS03,2000-04-14,2000-09-28,81,81,3011539
2000,NL,MIL,MIL05,2000-04-10,2000-09-28,81,79,1573621
2000,AL,MIN,MIN03,2000-04-03,2000-09-24,81,81,1059415
2000,NL,MON,MON02,2000-04-03,2000-09-25,81,81,926272
2000,AL,NYA,NYC16,2000-04-12,2000-09-25,80,80,3227657
2000,NL,NYN,NYC17,2000-04-03,2000-10-01,80,77,2765530
2000,NL,NYN,TOK01,2000-03-29,2000-03-29,1,1,55000
2000,AL,OAK,OAK01,2000-04-03,2000-10-01,81,81,1728885
2000,NL,PHI,PHI12,2000-04-10,2000-09-24,81,80,1612769
2000,NL,PIT,PIT07,2000-04-04,2000-10-01,81,79,1748908
2000,NL,SDN,SAN01,2000-04-10,2000-10-01,81,81,2423142
2000,AL,SEA,SEA03,2000-04-04,2000-09-28,81,81,3148317
2000,NL,SFN,SFO03,2000-04-11,2000-09-24,81,81,3315330
2000,NL,SLN,STL09,2000-04-03,2000-10-01,81,81,3336493
2000,AL,TBA,STP01,2000-04-07,2000-10-01,80,80,1549592
2000,AL,TEX,ARL02,2000-04-03,2000-09-24,81,80,2800075
2000,AL,TOR,TOR02,2000-04-03,2000-09-25,81,81,1819919
2001,AL,ANA,ANA01,2001-04-10,2001-10-07,81,81,1998319
2001,NL,ARI,PHO01,2001-04-06,2001-10-04,81,81,2735821
2001,NL,ATL,ATL02,2001-04-03,2001-10-07,81,81,2823494
2001,AL,BAL,BAL12,2001-04-02,2001-10-06,80,80,3094841
2001,AL,BOS,BOS07,2001-04-06,2001-09-27,81,81,2625333
2001,AL,CHA,CHI12,2001-04-06,2001-09-27,81,80,1766172
2001,NL,CHN,CHI11,2001-04-02,2001-10-07,81,79,2779465
2001,NL,CIN,CIN08,2001-04-02,2001-10-07,81,79,1879757
2001,AL,CLE,CLE08,2001-04-02,2001-09-30,80,80,3182523
2001,NL,COL,DEN02,2001-04-02,2001-09-30,81,81,3168579
2001,AL,DET,DET05,2001-04-03,2001-10-07,81,80,1920995
2001,NL,FLO,MIA01,2001-04-02,2001-10-04,80,80,1261216
2001,NL,HOU,HOU03,2001-04-03,2001-10-04,81,81,2906277
2001,AL,KCA,KAN06,2001-04-06,2001-10-04,81,81,1536101
2001,NL,LAN,LOS03,2001-04-02,2001-09-26,81,81,3017143
2001,NL,MIL,MIL06,2001-04-06,2001-10-07,81,81,2811040
2001,AL,MIN,MIN03,2001-04-09,2001-10-07,81,80,1782926
2001,NL,MON,MON02,2001-04-06,2001-09-27,81,81,642743
2001,AL,NYA,NYC16,2001-04-02,2001-10-03,80,80,3264847
2001,NL,NYN,NYC17,2001-04-09,2001-10-07,81,81,2658330
2001,AL,OAK,OAK01,2001-04-06,2001-10-03,81,81,2133477
2001,NL,PHI,PHI12,2001-04-06,2001-09-27,81,78,1792054
2001,NL,PIT,PIT08,2001-04-09,2001-09-26,81,79,2435868
2001,NL,SDN,SAN01,2001-04-10,2001-10-07,81,80,2378148
2001,AL,SEA,SEA03,2001-04-02,2001-10-07,81,81,3512326
2001,NL,SFN,SFO03,2001-04-02,2001-10-07,81,81,3311000
2001,NL,SLN,STL09,2001-04-09,2001-10-07,82,81,3109578
2001,AL,TBA,STP01,2001-04-03,2001-10-07,81,81,1227383
2001,AL,TEX,ARL02,2001-04-03,2001-09-26,82,81,2831111
2001,AL,TOR,SJU01,2001-04-01,2001-04-01,1,1,19891
2001,AL,TOR,TOR02,2001-04-09,2001-10-07,81,80,1895236
2002,AL,ANA,ANA01,2002-03-31,2002-09-29,81,81,2305467
2002,NL,ARI,PHO01,2002-04-01,2002-09-29,81,81,3198975
2002,NL,ATL,ATL02,2002-04-01,2002-09-22,81,81,2603484
2002,AL,BAL,BAL12,2002-04-01,2002-09-29,81,81,2681439
2002,AL,BOS,BOS07,2002-04-01,2002-09-29,81,81,2650859
2002,AL,CHA,CHI12,2002-04-12,2002-09-26,81,81,1675591
2002,NL,CHN,CHI11,2002-04-05,2002-09-29,81,78,2694946
2002,NL,CIN,CIN08,2002-04-01,2002-09-22,81,80,1855775
2002,AL,CLE,CLE08,2002-04-08,2002-09-29,81,81,2621940
2002,NL,COL,DEN02,2002-04-08,2002-09-22,81,81,2740614
2002,AL,DET,DET05,2002-04-05,2002-09-22,80,80,1503353
2002,NL,FLO,MIA01,2002-04-08,2002-09-29,81,81,813127
2002,NL,HOU,HOU03,2002-04-02,2002-09-25,81,81,2512357
2002,AL,KCA,KAN06,2002-04-01,2002-09-26,81,77,1323036
2002,NL,LAN,LOS03,2002-04-02,2002-09-29,81,81,3131255
2002,NL,MIL,MIL06,2002-04-05,2002-09-22,81,81,1969153
2002,AL,MIN,MIN03,2002-04-12,2002-09-29,81,81,1924354
2002,NL,MON,MON02,2002-04-02,2002-09-29,81,81,812537
2002,AL,NYA,NYC16,2002-04-05,2002-09-25,80,80,3465807
2002,NL,NYN,NYC17,2002-04-01,2002-09-29,81,78,2804838
2002,AL,OAK,OAK01,2002-04-01,2002-09-22,81,81,2169816
2002,NL,PHI,PHI12,2002-04-05,2002-09-25,80,79,1618467
2002,NL,PIT,PIT08,2002-04-08,2002-09-25,80,79,1784970
2002,NL,SDN,SAN01,2002-04-08,2002-09-22,81,81,2221230
2002,AL,SEA,SEA03,2002-04-01,2002-09-26,81,81,3539938
2002,NL,SFN,SFO03,2002-04-05,2002-09-29,81,81,3253203
2002,NL,SLN,STL09,2002-04-01,2002-09-29,81,81,3011756
2002,AL,TBA,STP01,2002-04-02,2002-09-22,81,81,1065742
2002,AL,TEX,ARL02,2002-04-05,2002-09-29,81,80,2352397
2002,AL,TOR,TOR02,2002-04-04,2002-09-29,81,81,1638170
2003,AL,ANA,ANA01,2003-03-30,2003-09-28,82,81,3061094
2003,NL,ARI,PHO01,2003-03-31,2003-09-28,81,81,2805542
2003,NL,ATL,ATL02,2003-03-31,2003-09-24,81,79,2401084
2003,AL,BAL,BAL12,2003-03-31,2003-09-21,81,81,2454523
2003,AL,BOS,BOS07,2003-04-12,2003-09-25,81,81,2724165
2003,AL,CHA,CHI12,2003-04-04,2003-09-24,81,81,1939594
2003,NL,CHN,CHI11,2003-04-08,2003-09-28,81,80,2962630
2003,NL,CIN,CIN09,2003-03-31,2003-09-28,81,81,2355259
2003,AL,CLE,CLE08,2003-04-08,2003-09-21,81,81,1727001
2003,NL,COL,DEN02,2003-04-04,2003-09-25,81,81,2334175
2003,AL,DET,DET05,2003-03-31,2003-09-28,81,80,1368245
2003,NL,FLO,MIA01,2003-03-31,2003-09-28,81,80,1303214
2003,NL,HOU,HOU03,2003-04-01,2003-09-28,81,81,2455241
2003,AL,KCA,KAN06,2003-03-31,2003-09-28,80,78,1779895
2003,NL,LAN,LOS03,2003-04-07,2003-09-21,81,81,3138696
2003,NL,MIL,MIL06,2003-04-04,2003-09-24,81,81,1700354
2003,AL,MIN,MIN03,2003-04-04,2003-09-24,81,81,1946011
2003,NL,MON,MON02,2003-04-22,2003-09-17,59,59,712757
2003,NL,MON,SJU01,2003-04-11,2003-09-11,22,22,312882
2003,AL,NYA,NYC16,2003-04-08,2003-09-28,82,81,3460600
2003,NL,NYN,NYC17,2003-03-31,2003-09-25,80,77,2168832
2003,AL,OAK,OAK01,2003-04-01,2003-09-24,81,81,2216596
2003,NL,PHI,PHI12,2003-04-04,2003-09-28,81,78,2259948
2003,NL,PIT,PIT08,2003-04-08,2003-09-21,81,78,1636751
2003,NL,SDN,SAN01,2003-03-31,2003-09-28,81,81,2030084
2003,AL,SEA,SEA03,2003-04-08,2003-09-28,81,81,3267509
2003,NL,SFN,SFO03,2003-04-07,2003-09-28,81,81,3264898
2003,NL,SLN,STL09,2003-03-31,2003-09-21,81,81,2910386
2003,AL,TBA,STP01,2003-03-31,2003-09-28,81,81,1058695
2003,AL,TEX,ARL02,2003-04-04,2003-09-21,81,81,2094394
2003,AL,TOR,TOR02,2003-03-31,2003-09-28,81,81,1799818
2004,AL,ANA,ANA01,2004-04-13,2004-09-26,81,81,3375677
2004,NL,ARI,PHO01,2004-04-06,2004-10-03,81,81,2519560
2004,NL,ATL,ATL02,2004-04-06,2004-09-29,81,79,2322565
2004,AL,BAL,BAL12,2004-04-04,2004-10-03,81,80,2744013
2004,AL,BOS,BOS07,2004-04-09,2004-09-26,81,81,2837304
2004,AL,CHA,CHI12,2004-04-13,2004-09-26,81,79,1930537
2004,NL,CHN,CHI11,2004-04-12,2004-10-03,82,81,3170154
2004,NL,CIN,CIN09,2004-04-05,2004-10-03,81,81,2287250
2004,AL,CLE,CLE08,2004-04-12,2004-09-26,81,81,1814401
2004,NL,COL,DEN02,2004-04-12,2004-09-26,81,79,2338069
2004,AL,DET,DET05,2004-04-08,2004-10-03,81,80,1917004
2004,NL,FLO,CHI12,2004-09-13,2004-09-14,2,2,9460
2004,NL,FLO,MIA01,2004-04-06,2004-09-23,78,76,1713645
2004,NL,HOU,HOU03,2004-04-05,2004-10-03,81,81,3087872
2004,AL,KCA,KAN06,2004-04-05,2004-10-03,80,79,1661478
2004,NL,LAN,LOS03,2004-04-05,2004-10-03,81,81,3488283
2004,NL,MIL,MIL06,2004-04-09,2004-09-26,81,81,2062382
2004,AL,MIN,MIN03,2004-04-05,2004-10-03,81,81,1911490
2004,NL,MON,MON02,2004-04-23,2004-09-29,59,59,531545
2004,NL,MON,SJU01,2004-04-09,2004-07-11,21,21,217005
2004,AL,NYA,NYC16,2004-04-08,2004-09-30,81,79,3775292
2004,NL,NYN,NYC17,2004-04-12,2004-10-03,81,80,2318321
2004,AL,OAK,OAK01,2004-04-05,2004-10-03,81,81,2201516
2004,NL,PHI,PHI13,2004-04-12,2004-10-03,81,80,3250092
2004,NL,PIT,PIT08,2004-04-05,2004-09-26,80,75,1583031
2004,NL,SDN,SAN02,2004-04-08,2004-09-30,81,81,3016752
2004,AL,SEA,SEA03,2004-04-06,2004-10-03,82,81,2940731
2004,NL,SFN,SFO03,2004-04-12,2004-09-26,82,81,3256854
2004,NL,SLN,STL09,2004-04-05,2004-10-03,81,81,3048427
2004,AL,TBA,STP01,2004-04-06,2004-09-30,78,77,1164911
2004,AL,TBA,TOK01,2004-03-30,2004-03-31,2,2,110000
2004,AL,TEX,ARL02,2004-04-09,2004-09-30,81,79,2513685
2004,AL,TOR,TOR02,2004-04-05,2004-10-03,81,81,1900041
2005,NL,ARI,PHO01,2005-04-04,2005-09-25,81,81,2059331
2005,NL,ATL,ATL02,2005-04-08,2005-09-28,81,80,2521534
2005,AL,BAL,BAL12,2005-04-04,2005-09-29,81,81,2624804
2005,AL,BOS,BOS07,2005-04-11,2005-10-02,81,81,2847798
2005,AL,CHA,CHI12,2005-04-04,2005-09-25,81,81,2342834
2005,NL,CHN,CHI11,2005-04-08,2005-09-28,81,80,3100092
2005,NL,CIN,CIN09,2005-04-04,2005-09-25,82,81,1943166
2005,AL,CLE,CLE08,2005-04-11,2005-10-02,81,81,2014220
2005,NL,COL,DEN02,2005-04-04,2005-09-25,81,80,1914389
2005,AL,DET,DET05,2005-04-04,2005-09-29,81,80,2024505
2005,NL,FLO,MIA01,2005-04-05,2005-10-02,81,81,1852602
2005,NL,HOU,HOU03,2005-04-05,2005-10-02,81,81,2804760
2005,AL,KCA,KAN06,2005-04-11,2005-09-25,81,79,1371181
2005,AL,LAA,ANA01,2005-04-05,2005-09-25,81,81,3404636
2005,NL,LAN,LOS03,2005-04-12,2005-09-29,81,81,3603680
2005,NL,MIL,MIL06,2005-04-11,2005-09-29,81,81,2211023
2005,AL,MIN,MIN03,2005-04-08,2005-10-02,81,81,2034243
2005,AL,NYA,NYC16,2005-04-03,2005-09-25,81,81,4090440
2005,NL,NYN,NYC17,2005-04-11,2005-10-02,81,80,2829930
2005,AL,OAK,OAK01,2005-04-11,2005-09-29,81,81,2108818
2005,NL,PHI,PHI13,2005-04-04,2005-09-28,81,80,2665291
2005,NL,PIT,PIT08,2005-04-04,2005-10-02,81,79,1817245
2005,NL,SDN,SAN02,2005-04-07,2005-10-02,81,81,2869787
2005,AL,SEA,SEA03,2005-04-04,2005-10-02,81,81,2724859
2005,NL,SFN,SFO03,2005-04-05,2005-10-02,81,81,3181020
2005,NL,SLN,STL09,2005-04-08,2005-10-02,81,81,3542271
2005,AL,TBA,STP01,2005-04-04,2005-10-02,81,81,1141915
2005,AL,TEX,ARL02,2005-04-11,2005-10-02,81,80,2525259
2005,AL,TOR,TOR02,2005-04-08,2005-10-02,81,81,2014995
2005,NL,WAS,WAS10,2005-04-14,2005-10-02,81,81,2730352
2006,NL,ARI,PHO01,2006-04-11,2006-10-01,81,81,2091005
2006,NL,ATL,ATL02,2006-04-10,2006-10-01,81,80,2549524
2006,AL,BAL,BAL12,2006-04-03,2006-09-24,81,81,2153150
2006,AL,BOS,BOS07,2006-04-11,2006-10-01,81,81,2930768
2006,AL,CHA,CHI12,2006-04-02,2006-09-24,81,81,2957414
2006,NL,CHN,CHI11,2006-04-07,2006-10-01,81,80,3123215
2006,NL,CIN,CIN09,2006-04-03,2006-09-25,81,81,2134472
2006,AL,CLE,CLE08,2006-04-07,2006-10-01,81,81,1998070
2006,NL,COL,DEN02,2006-04-03,2006-09-28,81,81,2104560
2006,AL,DET,DET05,2006-04-10,2006-10-01,81,81,2595937
2006,NL,FLO,MIA01,2006-04-11,2006-10-01,81,81,1165120
2006,NL,HOU,HOU03,2006-04-03,2006-09-24,81,81,3022763
2006,AL,KCA,KAN06,2006-04-03,2006-09-24,81,80,1372684
2006,AL,LAA,ANA01,2006-04-07,2006-10-01,81,81,3406790
2006,NL,LAN,LOS03,2006-04-03,2006-09-24,81,81,3758421
2006,NL,MIL,MIL06,2006-04-03,2006-09-24,81,81,2335643
2006,AL,MIN,MIN03,2006-04-11,2006-10-01,81,81,2285018
2006,AL,NYA,NYC16,2006-04-11,2006-10-01,81,81,4247980
2006,NL,NYN,NYC17,2006-04-03,2006-09-25,81,78,3372045
2006,AL,OAK,OAK01,2006-04-03,2006-09-24,81,81,1976625
2006,NL,PHI,PHI13,2006-04-03,2006-09-25,81,79,2701815
2006,NL,PIT,PIT08,2006-04-10,2006-10-01,81,80,1861549
2006,NL,SDN,SAN02,2006-04-03,2006-09-24,81,81,2659732
2006,AL,SEA,SEA03,2006-04-03,2006-10-01,81,81,2480717
2006,NL,SFN,SFO03,2006-04-06,2006-10-01,81,81,3130304
2006,NL,SLN,STL10,2006-04-10,2006-10-01,80,80,3407104
2006,AL,TBA,STP01,2006-04-10,2006-09-25,81,81,1369031
2006,AL,TEX,ARL02,2006-04-03,2006-09-24,81,81,2388757
2006,AL,TOR,TOR02,2006-04-04,2006-09-25,81,81,2302182
2006,NL,WAS,WAS10,2006-04-11,2006-10-01,81,81,2153080
2007,NL,ARI,PHO01,2007-04-09,2007-09-23,81,81,2316507
2007,NL,ATL,ATL02,2007-04-06,2007-09-23,81,81,2745303
2007,AL,BAL,BAL12,2007-04-09,2007-09-30,81,80,2172487
2007,AL,BOS,BOS07,2007-04-10,2007-09-30,81,81,2970755
2007,AL,CHA,CHI12,2007-04-02,2007-09-30,81,81,2684395
2007,NL,CHN,CHI11,2007-04-09,2007-09-23,81,81,3252462
2007,NL,CIN,CIN09,2007-04-02,2007-09-30,81,81,2058593
2007,AL,CLE,CLE08,2007-04-13,2007-09-23,77,77,2223415
2007,AL,CLE,MIL06,2007-04-10,2007-04-12,3,3,52496
2007,NL,COL,DEN02,2007-04-02,2007-10-01,82,82,2376250
2007,AL,DET,DET05,2007-04-02,2007-09-26,81,81,3047124
2007,NL,FLO,MIA01,2007-04-06,2007-09-27,81,81,1370511
2007,NL,HOU,HOU03,2007-04-02,2007-09-30,81,81,3020405
2007,AL,KCA,KAN06,2007-04-02,2007-09-30,81,81,1616867
2007,AL,LAA,ANA01,2007-04-02,2007-09-23,81,81,3365632
2007,NL,LAN,LOS03,2007-04-09,2007-09-30,81,81,3856753
2007,NL,MIL,MIL06,2007-04-02,2007-09-30,81,81,2869144
2007,AL,MIN,MIN03,2007-04-02,2007-09-23,81,81,2296383
2007,AL,NYA,NYC16,2007-04-02,2007-09-24,81,81,4271867
2007,NL,NYN,NYC17,2007-04-09,2007-09-30,81,81,3853955
2007,AL,OAK,OAK01,2007-04-09,2007-09-30,81,81,1921844
2007,NL,PHI,PHI13,2007-04-02,2007-09-30,81,81,3108330
2007,NL,PIT,PIT08,2007-04-09,2007-09-30,81,79,1749142
2007,NL,SDN,SAN02,2007-04-06,2007-09-23,81,81,2790074
2007,AL,SEA,SEA03,2007-04-02,2007-09-30,82,81,2672409
2007,NL,SFN,SFO03,2007-04-03,2007-09-26,81,81,3223202
2007,NL,SLN,STL10,2007-04-01,2007-09-23,81,81,3552180
2007,AL,TBA,LBV01,2007-05-15,2007-05-17,3,3,26917
2007,AL,TBA,STP01,2007-04-06,2007-09-27,78,78,1362189
2007,AL,TEX,ARL02,2007-04-06,2007-09-26,81,79,2353862
2007,AL,TOR,TOR02,2007-04-09,2007-09-30,81,81,2360648
2007,NL,WAS,WAS10,2007-04-02,2007-09-23,81,81,1961579
2008,NL,ARI,PHO01,2008-04-07,2008-09-28,81,81,2509924
2008,NL,ATL,ATL02,2008-03-31,2008-09-21,81,81,2532834
2008,AL,BAL,BAL12,2008-03-31,2008-09-28,80,78,1950075
2008,AL,BOS,BOS07,2008-04-08,2008-09-28,81,81,3048250
2008,AL,CHA,CHI12,2008-04-07,2008-09-30,82,81,2501103
2008,NL,CHN,CHI11,2008-03-31,2008-09-21,81,81,3299840
2008,NL,CIN,CIN09,2008-03-31,2008-09-22,81,81,2058632
2008,AL,CLE,CLE08,2008-03-31,2008-09-21,81,80,2169760
2008,NL,COL,DEN02,2008-04-04,2008-09-21,81,80,2650218
2008,AL,DET,DET05,2008-03-31,2008-09-28,81,81,3202654
2008,NL,FLO,MIA01,2008-03-31,2008-09-21,81,80,1335076
2008,NL,HOU,HOU03,2008-04-07,2008-09-28,78,78,2740888
2008,NL,HOU,MIL06,2008-09-14,2008-09-15,2,2,38599
2008,AL,KCA,KAN06,2008-04-08,2008-09-21,81,79,1578922
2008,AL,LAA,ANA01,2008-04-04,2008-09-28,81,81,3336747
2008,NL,LAN,LOS03,2008-03-31,2008-09-25,81,81,3730553
2008,NL,MIL,MIL06,2008-04-04,2008-09-28,81,81,3068908
2008,AL,MIN,MIN03,2008-03-31,2008-09-28,81,81,2302431
2008,AL,NYA,NYC16,2008-04-01,2008-09-21,81,81,4298655
2008,NL,NYN,NYC17,2008-04-08,2008-09-28,81,79,4042047
2008,AL,OAK,OAK01,2008-04-01,2008-09-21,79,79,1575899
2008,AL,OAK,TOK01,2008-03-25,2008-03-26,2,2,89363
2008,NL,PHI,PHI13,2008-03-31,2008-09-28,81,81,3422583
2008,NL,PIT,PIT08,2008-04-07,2008-09-21,81,80,1609076
2008,NL,SDN,SAN02,2008-03-31,2008-09-28,81,81,2427535
2008,AL,SEA,SEA03,2008-03-31,2008-09-28,81,81,2329702
2008,NL,SFN,SFO03,2008-04-07,2008-09-28,81,81,2863837
2008,NL,SLN,STL10,2008-04-01,2008-09-28,81,81,3430403
2008,AL,TBA,LBV01,2008-04-22,2008-04-24,3,3,26798
2008,AL,TBA,STP01,2008-04-08,2008-09-21,78,78,1785188
2008,AL,TEX,ARL02,2008-04-08,2008-09-24,81,80,1945677
2008,AL,TOR,TOR02,2008-04-04,2008-09-25,81,81,2399786
2008,NL,WAS,WAS11,2008-03-30,2008-09-24,80,80,2320400
2009,NL,ARI,PHO01,2009-04-06,2009-09-27,81,81,2129183
2009,NL,ATL,ATL02,2009-04-10,2009-10-04,81,81,2373631
2009,AL,BAL,BAL12,2009-04-06,2009-10-04,81,81,1907163
2009,AL,BOS,BOS07,2009-04-07,2009-10-04,81,81,3062699
2009,AL,CHA,CHI12,2009-04-07,2009-09-27,81,80,2284163
2009,NL,CHN,CHI11,2009-04-13,2009-10-04,80,80,3168859
2009,NL,CIN,CIN09,2009-04-06,2009-10-04,81,81,1747919
2009,AL,CLE,CLE08,2009-04-10,2009-09-30,81,79,1766242
2009,NL,COL,DEN02,2009-04-10,2009-10-01,81,81,2665080
2009,AL,DET,DET05,2009-04-10,2009-10-04,81,81,2567192
2009,NL,FLO,MIA01,2009-04-06,2009-09-27,81,78,1464109
2009,NL,HOU,HOU03,2009-04-06,2009-09-27,81,81,2521081
2009,AL,KCA,KAN06,2009-04-10,2009-09-27,81,80,1799686
2009,AL,LAA,ANA01,2009-04-06,2009-10-01,81,81,3240386
2009,NL,LAN,LOS03,2009-04-13,2009-10-04,81,81,3761669
2009,NL,MIL,MIL06,2009-04-10,2009-09-27,81,81,3037451
2009,AL,MIN,MIN03,2009-04-06,2009-10-06,82,82,2416237
2009,AL,NYA,NYC21,2009-04-16,2009-09-30,81,81,3719358
2009,NL,NYN,NYC20,2009-04-13,2009-10-04,81,81,3154270
2009,AL,OAK,OAK01,2009-04-10,2009-10-04,81,81,1408783
2009,NL,PHI,PHI13,2009-04-05,2009-10-04,81,81,3600693
2009,NL,PIT,PIT08,2009-04-13,2009-09-28,81,81,1577853
2009,NL,SDN,SAN02,2009-04-06,2009-10-04,81,81,1922603
2009,AL,SEA,SEA03,2009-04-14,2009-10-04,81,81,2195128
2009,NL,SFN,SFO03,2009-04-07,2009-10-01,81,81,2861111
2009,NL,SLN,STL10,2009-04-06,2009-10-04,81,81,3343252
2009,AL,TBA,STP01,2009-04-13,2009-10-04,81,81,1874962
2009,AL,TEX,ARL02,2009-04-06,2009-09-27,81,78,2156016
2009,AL,TOR,TOR02,2009-04-06,2009-09-27,81,81,1876129
2009,NL,WAS,WAS11,2009-04-13,2009-09-30,81,80,1817280
2010,NL,ARI,PHO01,2010-04-05,2010-09-26,81,81,2057224
2010,NL,ATL,ATL02,2010-04-05,2010-10-03,81,81,2510121
2010,AL,BAL,BAL12,2010-04-09,2010-10-03,81,80,1733019
2010,AL,BOS,BOS07,2010-04-04,2010-10-03,81,81,3046445
2010,AL,CHA,CHI12,2010-04-05,2010-10-03,81,81,2194378
2010,NL,CHN,CHI11,2010-04-12,2010-09-26,81,81,3062973
2010,NL,CIN,CIN09,2010-04-05,2010-10-03,81,81,2060550
2010,AL,CLE,CLE08,2010-04-12,2010-09-29,81,80,1391644
2010,NL,COL,DEN02,2010-04-09,2010-09-29,81,80,2875245
2010,AL,DET,DET05,2010-04-09,2010-09-26,81,81,2461237
2010,NL,FLO,MIA01,2010-04-09,2010-10-03,78,78,1469216
2010,NL,FLO,SJU01,2010-06-28,2010-06-30,3,3,55678
2010,NL,HOU,HOU03,2010-04-05,2010-10-03,81,81,2331490
2010,AL,KCA,KAN06,2010-04-05,2010-10-03,81,80,1615326
2010,AL,LAA,ANA01,2010-04-05,2010-09-29,81,81,3250754
2010,NL,LAN,LOS03,2010-04-13,2010-10-03,81,81,3562318
2010,NL,MIL,MIL06,2010-04-05,2010-09-26,81,81,2776531
2010,AL,MIN,MIN04,2010-04-12,2010-10-03,81,81,3223640
2010,AL,NYA,NYC21,2010-04-13,2010-09-26,81,81,3765807
2010,NL,NYN,NYC20,2010-04-05,2010-10-03,81,79,2573077
2010,AL,OAK,OAK01,2010-04-05,2010-09-26,81,81,1418391
2010,NL,PHI,PHI13,2010-04-12,2010-09-26,84,84,3777322
2010,NL,PIT,PIT08,2010-04-05,2010-09-26,81,81,1613399
2010,NL,SDN,SAN02,2010-04-12,2010-09-30,81,81,2131774
2010,AL,SEA,SEA03,2010-04-12,2010-10-03,81,81,2085168
2010,NL,SFN,SFO03,2010-04-09,2010-10-03,81,81,3037267
2010,NL,SLN,STL10,2010-04-12,2010-10-03,81,81,3301218
2010,AL,TBA,STP01,2010-04-06,2010-09-29,81,81,1865002
2010,AL,TEX,ARL02,2010-04-05,2010-10-03,81,81,2505171
2010,AL,TOR,TOR02,2010-04-12,2010-09-29,78,78,1495482
2010,NL,WAS,WAS11,2010-04-05,2010-09-29,81,81,1828065
2011,NL,ARI,PHO01,2011-04-08,2011-09-28,81,81,2105432
2011,NL,ATL,ATL02,2011-04-08,2011-09-28,81,79,2372940
2011,AL,BAL,BAL12,2011-04-04,2011-09-28,81,80,1755461
2011,AL,BOS,BOS07,2011-04-08,2011-09-21,81,81,3054001
2011,AL,CHA,CHI12,2011-04-07,2011-09-28,81,81,2001117
2011,NL,CHN,CHI11,2011-04-01,2011-09-21,81,81,3017966
2011,NL,CIN,CIN09,2011-03-31,2011-09-21,81,81,2213588
2011,AL,CLE,CLE08,2011-04-01,2011-09-25,81,81,1840835
2011,NL,COL,DEN02,2011-04-01,2011-09-21,81,81,2909777
2011,AL,DET,DET05,2011-04-08,2011-09-28,81,81,2642045
2011,NL,FLO,MIA01,2011-04-01,2011-09-28,78,77,1477462
2011,NL,HOU,HOU03,2011-04-08,2011-09-28,81,81,2067016
2011,AL,KCA,KAN06,2011-03-31,2011-09-21,81,81,1724450
2011,AL,LAA,ANA01,2011-04-08,2011-09-28,81,81,3166321
2011,NL,LAN,LOS03,2011-03-31,2011-09-22,81,81,2935139
2011,NL,MIL,MIL06,2011-04-04,2011-09-28,81,81,3071373
2011,AL,MIN,MIN04,2011-04-08,2011-09-28,81,81,3168116
2011,AL,NYA,NYC21,2011-03-31,2011-09-25,81,81,3653680
2011,NL,NYN,NYC20,2011-04-08,2011-09-28,81,78,2352596
2011,AL,OAK,OAK01,2011-04-01,2011-09-22,81,80,1476791
2011,NL,PHI,PHI13,2011-04-01,2011-09-22,81,81,3680718
2011,NL,PIT,PIT08,2011-04-07,2011-09-25,81,80,1940429
2011,NL,SDN,SAN02,2011-04-05,2011-09-28,81,81,2143018
2011,AL,SEA,SEA03,2011-04-08,2011-09-28,84,84,1939421
2011,NL,SFN,SFO03,2011-04-08,2011-09-28,81,81,3387303
2011,NL,SLN,STL10,2011-03-31,2011-09-25,81,81,3093954
2011,AL,TBA,STP01,2011-04-01,2011-09-28,81,81,1529188
2011,AL,TEX,ARL02,2011-04-01,2011-09-25,81,81,2946949
2011,AL,TOR,TOR02,2011-04-01,2011-09-22,81,81,1818103
2011,NL,WAS,WAS11,2011-03-31,2011-09-25,80,78,1940478
2012,NL,ARI,PHO01,2012-04-06,2012-10-03,81,81,2177617
2012,NL,ATL,ATL02,2012-04-13,2012-09-30,81,81,2420171
2012,AL,BAL,BAL12,2012-04-06,2012-09-30,81,79,2102240
2012,AL,BOS,BOS07,2012-04-13,2012-09-26,81,81,3043003
2012,AL,CHA,CHI12,2012-04-13,2012-09-30,81,81,1965955
2012,NL,CHN,CHI11,2012-04-05,2012-10-03,81,81,2882756
2012,NL,CIN,CIN09,2012-04-05,2012-09-27,81,81,2347251
2012,AL,CLE,CLE08,2012-04-05,2012-10-03,81,81,1603596
2012,NL,COL,DEN02,2012-04-09,2012-09-27,81,81,2630458
2012,AL,DET,DET05,2012-04-05,2012-09-27,81,81,3028033
2012,NL,HOU,HOU03,2012-04-06,2012-09-26,81,81,1607733
2012,AL,KCA,KAN06,2012-04-13,2012-10-03,81,80,1739859
2012,AL,LAA,ANA01,2012-04-06,2012-09-27,81,81,3061770
2012,NL,LAN,LOS03,2012-04-10,2012-10-03,81,81,3324246
2012,NL,MIA,MIA02,2012-04-04,2012-10-03,81,81,2219444
2012,NL,MIL,MIL06,2012-04-06,2012-10-03,81,81,2831385
2012,AL,MIN,MIN04,2012-04-09,2012-09-30,81,81,2776354
2012,AL,NYA,NYC21,2012-04-13,2012-10-03,81,81,3542406
2012,NL,NYN,NYC20,2012-04-05,2012-09-27,81,80,2242803
2012,AL,OAK,OAK01,2012-04-06,2012-10-03,79,79,1591395
2012,AL,OAK,TOK01,2012-03-28,2012-03-29,2,2,87618
2012,NL,PHI,PHI13,2012-04-09,2012-09-27,81,81,3565718
2012,NL,PIT,PIT08,2012-04-05,2012-10-03,81,80,2091918
2012,NL,SDN,SAN02,2012-04-05,2012-09-30,81,81,2123721
2012,AL,SEA,SEA03,2012-04-13,2012-10-03,81,81,1721920
2012,NL,SFN,SFO03,2012-04-13,2012-09-27,81,81,3377371
2012,NL,SLN,STL10,2012-04-13,2012-10-03,81,81,3262109
2012,AL,TBA,STP01,2012-04-06,2012-10-03,81,81,1559681
2012,AL,TEX,ARL02,2012-04-06,2012-09-30,81,81,3460280
2012,AL,TOR,TOR02,2012-04-09,2012-10-03,81,81,2099663
2012,NL,WAS,WAS11,2012-04-12,2012-10-03,81,79,2370794
2013,NL,ARI,PHO01,2013-04-01,2013-09-29,81,81,2134895
2013,NL,ATL,ATL02,2013-04-01,2013-09-29,81,81,2548679
2013,AL,BAL,BAL12,2013-04-05,2013-09-29,81,81,2357561
2013,AL,BOS,BOS07,2013-04-08,2013-09-22,81,81,2833333
2013,AL,CHA,CHI12,2013-04-01,2013-09-29,81,80,1768413
2013,NL,CHN,CHI11,2013-04-08,2013-09-25,81,81,2642682
2013,NL,CIN,CIN09,2013-04-01,2013-09-29,80,80,2492101
2013,AL,CLE,CLE08,2013-04-08,2013-09-25,81,80,1572926
2013,NL,COL,DEN02,2013-04-05,2013-09-25,81,81,2793828
2013,AL,DET,DET05,2013-04-05,2013-09-22,81,81,3083397
2013,AL,HOU,HOU03,2013-03-31,2013-09-29,81,81,1651883
2013,AL,KCA,KAN06,2013-04-08,2013-09-22,81,81,1750754
2013,AL,LAA,ANA01,2013-04-09,2013-09-25,81,81,3019505
2013,NL,LAN,LOS03,2013-04-01,2013-09-29,81,81,3743527
2013,NL,MIA,MIA02,2013-04-08,2013-09-29,81,81,1586322
2013,NL,MIL,MIL06,2013-04-01,2013-09-22,81,81,2531105
2013,AL,MIN,MIN04,2013-04-01,2013-09-29,81,81,2477644
2013,AL,NYA,NYC21,2013-04-01,2013-09-26,81,81,3279589
2013,NL,NYN,NYC20,2013-04-01,2013-09-29,81,80,2135657
2013,AL,OAK,OAK01,2013-04-01,2013-09-22,81,81,1809302
2013,NL,PHI,PHI13,2013-04-05,2013-09-22,81,81,3012403
2013,NL,PIT,PIT08,2013-04-01,2013-09-22,81,80,2256862
2013,NL,SDN,SAN02,2013-04-09,2013-09-26,81,81,2166691
2013,AL,SEA,SEA03,2013-04-08,2013-09-29,81,81,1761546
2013,NL,SFN,SFO03,2013-04-05,2013-09-29,82,81,3369106
2013,NL,SLN,STL10,2013-04-08,2013-09-29,81,81,3369769
2013,AL,TBA,STP01,2013-04-02,2013-09-23,81,81,1510300
2013,AL,TEX,ARL02,2013-04-05,2013-09-30,82,82,3178273
2013,AL,TOR,TOR02,2013-04-02,2013-09-29,81,81,2536562
2013,NL,WAS,WAS11,2013-04-01,2013-09-22,81,81,2652422
2014,NL,ARI,PHO01,2014-03-31,2014-09-28,79,79,1997385
2014,NL,ARI,SYD01,2014-03-22,2014-03-23,2,2,76345
2014,NL,ATL,ATL02,2014-04-08,2014-09-25,81,81,2354305
2014,AL,BAL,BAL12,2014-03-31,2014-09-21,81,80,2464473
2014,AL,BOS,BOS07,2014-04-04,2014-09-28,81,81,2956089
2014,AL,CHA,CHI12,2014-03-31,2014-09-28,81,79,1650821
2014,NL,CHN,CHI11,2014-04-04,2014-09-24,81,81,2652113
2014,NL,CIN,CIN09,2014-03-31,2014-09-28,81,81,2476664
2014,AL,CLE,CLE08,2014-04-04,2014-09-28,81,78,1437393
2014,NL,COL,DEN02,2014-04-04,2014-09-21,81,81,2680329
2014,AL,DET,DET05,2014-03-31,2014-09-28,81,81,2917209
2014,AL,HOU,HOU03,2014-04-01,2014-09-21,81,81,1751829
2014,AL,KCA,KAN06,2014-04-04,2014-09-21,81,81,1956482
2014,AL,LAA,ANA01,2014-03-31,2014-09-21,81,81,3095935
2014,NL,LAN,LOS03,2014-04-04,2014-09-28,81,81,3782337
2014,NL,MIA,MIA02,2014-03-31,2014-09-25,81,81,1732283
2014,NL,MIL,MIL06,2014-03-31,2014-09-28,81,81,2797384
2014,AL,MIN,MIN04,2014-04-07,2014-09-24,81,81,2250606
2014,AL,NYA,NYC21,2014-04-07,2014-09-25,81,80,3401624
2014,NL,NYN,NYC20,2014-03-31,2014-09-28,81,80,2148808
2014,AL,OAK,OAK01,2014-03-31,2014-09-24,81,80,2003628
2014,NL,PHI,PHI13,2014-04-08,2014-09-28,81,81,2423852
2014,NL,PIT,PIT08,2014-03-31,2014-09-21,81,81,2442564
2014,NL,SDN,SAN02,2014-03-30,2014-09-24,81,81,2195373
2014,AL,SEA,SEA03,2014-04-08,2014-09-28,81,81,2064334
2014,NL,SFN,SFO03,2014-04-08,2014-09-28,81,81,3368697
2014,NL,SLN,STL10,2014-04-07,2014-09-21,81,81,3540649
2014,AL,TBA,STP01,2014-03-31,2014-09-21,81,81,1446464
2014,AL,TEX,ARL02,2014-03-31,2014-09-28,81,81,2718733
2014,AL,TOR,TOR02,2014-04-04,2014-09-28,81,81,2375525
2014,NL,WAS,WAS11,2014-04-04,2014-09-28,81,81,2579389
2015,NL,ARI,PHO01,2015-04-06,2015-10-04,81,81,2080145
2015,NL,ATL,ATL02,2015-04-10,2015-10-04,81,80,2001392
2015,AL,BAL,BAL12,2015-04-10,2015-10-04,78,75,2281202
2015,AL,BOS,BOS07,2015-04-13,2015-09-27,81,81,2880694
2015,AL,CHA,CHI12,2015-04-10,2015-10-04,81,80,1755810
2015,NL,CHN,CHI11,2015-04-05,2015-09-28,81,81,2959812
2015,NL,CIN,CIN09,2015-04-06,2015-10-01,81,81,2419506
2015,AL,CLE,CLE08,2015-04-10,2015-10-04,80,78,1388905
2015,NL,COL,DEN02,2015-04-10,2015-09-27,81,80,2506789
2015,AL,DET,DET05,2015-04-06,2015-09-27,81,81,2726048
2015,AL,HOU,HOU03,2015-04-06,2015-09-27,81,81,2153585
2015,AL,KCA,KAN06,2015-04-06,2015-09-27,81,81,2708549
2015,AL,LAA,ANA01,2015-04-10,2015-09-30,81,81,3012765
2015,NL,LAN,LOS03,2015-04-06,2015-10-04,81,81,3764815
2015,NL,MIA,MIA02,2015-04-06,2015-09-27,81,81,1752235
2015,NL,MIL,MIL06,2015-04-06,2015-10-04,81,81,2542558
2015,AL,MIN,MIN04,2015-04-13,2015-10-04,81,81,2220054
2015,AL,NYA,NYC21,2015-04-06,2015-10-01,81,80,3193795
2015,NL,NYN,NYC20,2015-04-13,2015-10-04,81,81,2569753
2015,AL,OAK,OAK01,2015-04-06,2015-09-27,81,81,1768175
2015,NL,PHI,PHI13,2015-04-06,2015-10-04,81,78,1831080
2015,NL,PIT,PIT08,2015-04-13,2015-10-04,81,81,2498596
2015,NL,SDN,SAN02,2015-04-09,2015-10-01,81,81,2459752
2015,AL,SEA,SEA03,2015-04-06,2015-10-04,81,81,2193581
2015,NL,SFN,SFO03,2015-04-13,2015-10-04,81,81,3375882
2015,NL,SLN,STL10,2015-04-13,2015-09-27,81,81,3520889
2015,AL,TBA,STP01,2015-04-06,2015-10-04,84,84,1287054
2015,AL,TEX,ARL02,2015-04-10,2015-10-04,81,81,2491875
2015,AL,TOR,TOR02,2015-04-13,2015-09-27,81,81,2794891
2015,NL,WAS,WAS11,2015-04-06,2015-09-28,81,81,2619843
2016,NL,ARI,PHO01,2016-04-04,2016-10-02,81,81,2036216
2016,NL,ATL,ATL02,2016-04-04,2016-10-02,80,80,2008332
2016,NL,ATL,FTB01,2016-07-03,2016-07-03,1,1,12582
2016,AL,BAL,BAL12,2016-04-04,2016-09-25,81,81,2172344
2016,AL,BOS,BOS07,2016-04-11,2016-10-02,81,81,2955434
2016,AL,CHA,CHI12,2016-04-08,2016-10-02,81,80,1746293
2016,NL,CHN,CHI11,2016-04-11,2016-09-25,81,81,3232420
2016,NL,CIN,CIN09,2016-04-04,2016-10-02,81,81,1894085
2016,AL,CLE,CLE08,2016-04-05,2016-09-25,81,81,1591667
2016,NL,COL,DEN02,2016-04-08,2016-10-02,81,81,2602524
2016,AL,DET,DET05,2016-04-08,2016-09-28,80,80,2493859
2016,AL,HOU,HOU03,2016-04-11,2016-09-28,81,81,2306623
2016,AL,KCA,KAN06,2016-04-03,2016-10-02,81,81,2557712
2016,AL,LAA,ANA01,2016-04-04,2016-10-02,81,81,3016142
2016,NL,LAN,LOS03,2016-04-12,2016-09-25,81,81,3703312
2016,NL,MIA,MIA02,2016-04-05,2016-09-28,80,80,1712417
2016,NL,MIL,MIL06,2016-04-04,2016-09-25,81,81,2315244
2016,AL,MIN,MIN04,2016-04-11,2016-09-25,81,81,1963912
2016,AL,NYA,NYC21,2016-04-05,2016-10-02,81,81,3063405
2016,NL,NYN,NYC20,2016-04-08,2016-09-25,81,80,2789602
2016,AL,OAK,OAK01,2016-04-04,2016-09-25,81,81,1521506
2016,NL,PHI,PHI13,2016-04-11,2016-10-02,81,81,1915144
2016,NL,PIT,PIT08,2016-04-03,2016-09-29,81,80,2249201
2016,NL,SDN,SAN02,2016-04-04,2016-09-29,81,81,2351422
2016,AL,SEA,SEA03,2016-04-08,2016-10-02,81,81,2267928
2016,NL,SFN,SFO03,2016-04-07,2016-10-02,81,81,3365256
2016,NL,SLN,STL10,2016-04-11,2016-10-02,81,81,3444490
2016,AL,TBA,STP01,2016-04-03,2016-09-25,81,81,1286163
2016,AL,TEX,ARL02,2016-04-04,2016-10-02,81,81,2710402
2016,AL,TOR,TOR02,2016-04-08,2016-09-29,81,81,3392099
2016,NL,WAS,WAS11,2016-04-07,2016-10-02,81,81,2481938
2017,NL,ARI,PHO01,2017-04-02,2017-09-27,81,81,2134375
2017,NL,ATL,ATL03,2017-04-14,2017-09-24,81,81,2505252
2017,AL,BAL,BAL12,2017-04-03,2017-09-24,81,81,2028424
2017,AL,BOS,BOS07,2017-04-03,2017-10-01,81,81,2917678
2017,AL,CHA,CHI12,2017-04-04,2017-09-28,81,79,1629470
2017,NL,CHN,CHI11,2017-04-10,2017-10-01,81,81,3199562
2017,NL,CIN,CIN09,2017-04-03,2017-09-24,81,81,1836917
2017,AL,CLE,CLE08,2017-04-11,2017-10-01,81,81,2048138
2017,NL,COL,DEN02,2017-04-07,2017-10-01,81,81,2953650
2017,AL,DET,DET05,2017-04-07,2017-09-24,81,81,2321599
2017,AL,HOU,HOU03,2017-04-03,2017-09-24,78,78,2390678
2017,AL,HOU,STP01,2017-08-29,2017-08-31,3,3,12993
2017,AL,KCA,KAN06,2017-04-10,2017-10-01,81,80,2220370
2017,AL,LAA,ANA01,2017-04-07,2017-10-01,81,81,3019585
2017,NL,LAN,LOS03,2017-04-03,2017-09-27,81,81,3765856
2017,NL,MIA,MIA02,2017-04-11,2017-10-01,78,78,1583014
2017,NL,MIL,MIL06,2017-04-03,2017-09-28,84,84,2627705
2017,AL,MIN,MIN04,2017-04-03,2017-10-01,81,80,2051279
2017,AL,NYA,NYC21,2017-04-10,2017-10-01,81,80,3188116
2017,NL,NYN,NYC20,2017-04-03,2017-09-27,81,80,2460622
2017,AL,OAK,OAK01,2017-04-03,2017-09-27,81,80,1475721
2017,NL,PHI,PHI13,2017-04-07,2017-10-01,81,79,1905354
2017,NL,PIT,PIT08,2017-04-07,2017-09-27,80,80,1916851
2017,NL,PIT,WIL02,2017-08-20,2017-08-20,1,1,2596
2017,NL,SDN,SAN02,2017-04-07,2017-09-24,81,81,2138491
2017,AL,SEA,SEA03,2017-04-10,2017-09-24,81,81,2135445
2017,NL,SFN,SFO03,2017-04-10,2017-10-01,81,81,3303652
2017,NL,SLN,STL10,2017-04-02,2017-10-01,81,81,3448337
2017,AL,TBA,NYC20,2017-09-11,2017-09-13,3,3,49510
2017,AL,TBA,STP01,2017-04-02,2017-10-01,78,77,1204109
2017,AL,TEX,ARL02,2017-04-03,2017-10-01,81,81,2507760
2017,AL,TOR,TOR02,2017-04-11,2017-09-24,81,81,3203886
2017,NL,WAS,WAS11,2017-04-03,2017-10-01,81,81,2524980
2018,NL,ARI,PHO01,2018-03-29,2018-09-26,81,81,2242695
2018,NL,ATL,ATL03,2018-03-29,2018-09-23,81,81,2555781
2018,AL,BAL,BAL12,2018-03-29,2018-09-30,81,78,1564192
2018,AL,BOS,BOS07,2018-04-05,2018-09-30,81,81,2895575
2018,AL,CHA,CHI12,2018-04-05,2018-09-26,81,80,1608817
2018,NL,CHN,CHI11,2018-04-10,2018-10-01,82,82,3181089
2018,NL,CIN,CIN09,2018-03-30,2018-09-30,81,81,1629356
2018,AL,CLE,CLE08,2018-04-06,2018-09-23,81,80,1926701
2018,NL,COL,DEN02,2018-04-06,2018-09-30,81,81,3015880
2018,AL,DET,DET05,2018-03-30,2018-09-23,81,80,1856970
2018,AL,HOU,HOU03,2018-04-02,2018-09-23,81,81,2980549
2018,AL,KCA,KAN06,2018-03-29,2018-09-30,81,81,1665107
2018,AL,LAA,ANA01,2018-04-02,2018-09-30,81,81,3020216
2018,NL,LAN,LOS03,2018-03-29,2018-10-01,82,82,3857500
2018,NL,MIA,MIA02,2018-03-29,2018-09-23,81,81,811104
2018,NL,MIL,MIL06,2018-04-02,2018-09-30,81,81,2850875
2018,AL,MIN,MIN04,2018-04-05,2018-09-30,79,78,1920144
2018,AL,MIN,SJU01,2018-04-17,2018-04-18,2,2,39053
2018,AL,NYA,NYC21,2018-04-03,2018-09-23,81,81,3482855
2018,NL,NYN,NYC20,2018-03-29,2018-09-30,81,79,2224995
2018,AL,OAK,OAK01,2018-03-29,2018-09-23,81,81,1573616
2018,NL,PHI,PHI13,2018-04-05,2018-09-30,80,78,2155695
2018,NL,PHI,WIL02,2018-08-19,2018-08-19,1,1,2429
2018,NL,PIT,PIT08,2018-04-02,2018-09-23,80,78,1465316
2018,NL,SDN,MNT01,2018-05-04,2018-05-06,3,3,65116
2018,NL,SDN,SAN02,2018-03-29,2018-09-30,78,78,2103420
2018,AL,SEA,SEA03,2018-03-29,2018-09-30,81,81,2299489
2018,NL,SFN,SFO03,2018-04-03,2018-09-30,81,81,3156185
2018,NL,SLN,STL10,2018-04-05,2018-09-26,81,81,3403587
2018,AL,TBA,STP01,2018-03-29,2018-09-30,81,81,1154973
2018,AL,TEX,ARL02,2018-03-29,2018-09-23,81,81,2107107
2018,AL,TOR,TOR02,2018-03-29,2018-09-26,81,80,2325281
2018,NL,WAS,WAS11,2018-04-05,2018-09-26,81,80,2529604
2019,NL,ARI,PHO01,2019-04-05,2019-09-29,81,81,2135510
2019,NL,ATL,ATL03,2019-04-01,2019-09-22,81,81,2654920
2019,AL,BAL,BAL12,2019-04-04,2019-09-22,81,80,1307807
2019,AL,BOS,BOS07,2019-04-09,2019-09-29,79,79,2796784
2019,AL,BOS,LON01,2019-06-29,2019-06-30,2,2,118718
2019,AL,CHA,CHI12,2019-04-05,2019-09-29,80,77,1649775
2019,NL,CHN,CHI11,2019-04-08,2019-09-22,81,81,3094865
2019,NL,CIN,CIN09,2019-03-28,2019-09-26,79,79,1775396
2019,NL,CIN,MNT01,2019-04-13,2019-04-14,2,2,33679
2019,AL,CLE,CLE08,2019-04-01,2019-09-22,81,79,1738642
2019,NL,COL,DEN02,2019-04-05,2019-09-29,81,81,2993244
2019,AL,DET,DET05,2019-04-04,2019-09-26,81,80,1501430
2019,AL,HOU,HOU03,2019-04-05,2019-09-22,81,81,2857367
2019,AL,KCA,KAN06,2019-03-28,2019-09-29,80,79,1454205
2019,AL,KCA,OMA01,2019-06-13,2019-06-13,1,1,25454
2019,AL,LAA,ANA01,2019-04-04,2019-09-29,79,79,2987221
2019,AL,LAA,MNT01,2019-05-04,2019-05-05,2,2,35791
2019,NL,LAN,LOS03,2019-03-28,2019-09-22,81,81,3974309
2019,NL,MIA,MIA02,2019-03-28,2019-09-22,81,81,811302
2019,NL,MIL,MIL06,2019-03-28,2019-09-22,81,81,2923333
2019,AL,MIN,MIN04,2019-03-28,2019-09-22,81,81,2303299
2019,AL,NYA,NYC21,2019-03-28,2019-09-22,81,79,3304404
2019,NL,NYN,NYC20,2019-04-04,2019-09-29,81,80,2442532
2019,AL,OAK,OAK01,2019-03-28,2019-09-22,79,79,1578496
2019,AL,OAK,TOK01,2019-03-20,2019-03-21,2,2,92238
2019,NL,PHI,PHI13,2019-03-28,2019-09-29,81,81,2727421
2019,NL,PIT,PIT08,2019-04-01,2019-09-29,80,80,1488936
2019,NL,PIT,WIL02,2019-08-18,2019-08-18,1,1,2503
2019,NL,SDN,SAN02,2019-03-28,2019-09-26,81,81,2396399
2019,AL,SEA,SEA03,2019-03-28,2019-09-29,81,81,1791109
2019,NL,SFN,SFO03,2019-04-05,2019-09-29,81,81,2707760
2019,NL,SLN,STL10,2019-04-05,2019-09-29,81,81,3480393
2019,AL,TBA,STP01,2019-03-28,2019-09-25,81,80,1178735
2019,AL,TEX,ARL02,2019-03-28,2019-09-29,81,81,2132994
2019,AL,TOR,TOR02,2019-03-28,2019-09-29,81,81,1750144
2019,NL,WAS,WAS11,2019-03-28,2019-09-29,81,81,2259781
2020,NL,ARI,PHO01,2020-07-30,2020-09-27,30,0,0
2020,NL,ATL,ATL03,2020-07-29,2020-09-27,30,0,0
2020,AL,BAL,BAL12,2020-07-29,2020-09-20,33,0,0
2020,AL,BOS,BOS07,2020-07-24,2020-09-24,31,0,0
2020,AL,CHA,CHI12,2020-07-24,2020-09-27,30,0,0
2020,NL,CHN,CHI11,2020-07-24,2020-09-20,33,0,0
2020,NL,CIN,CIN09,2020-07-24,2020-09-23,29,0,0
2020,AL,CLE,CLE08,2020-07-24,2020-09-27,30,0,0
2020,NL,COL,DEN02,2020-07-31,2020-09-20,30,0,0
2020,AL,DET,DET05,2020-07-27,2020-09-20,27,0,0
2020,AL,HOU,HOU03,2020-07-24,2020-09-20,28,0,0
2020,AL,KCA,KAN06,2020-07-31,2020-09-27,30,0,0
2020,AL,LAA,ANA01,2020-07-28,2020-09-21,31,0,0
2020,NL,LAN,LOS03,2020-07-23,2020-09-27,30,0,0
2020,NL,MIA,MIA02,2020-08-14,2020-09-20,26,0,0
2020,NL,MIL,MIL06,2020-08-03,2020-09-20,29,0,0
2020,AL,MIN,MIN04,2020-07-28,2020-09-27,31,0,0
2020,AL,NYA,NYC21,2020-07-31,2020-09-27,31,0,0
2020,NL,NYN,NYC20,2020-07-24,2020-09-23,29,0,0
2020,AL,OAK,OAK01,2020-07-24,2020-09-27,32,0,0
2020,NL,PHI,PHI13,2020-07-24,2020-09-20,32,0,0
2020,NL,PIT,PIT08,2020-07-27,2020-09-24,32,0,0
2020,NL,SDN,SAN02,2020-07-24,2020-09-23,32,0,0
2020,AL,SEA,SEA03,2020-07-31,2020-09-23,24,0,0
2020,NL,SFN,SFO03,2020-07-28,2020-09-27,33,0,0
2020,NL,SLN,STL10,2020-07-24,2020-09-27,27,0,0
2020,AL,TBA,STP01,2020-07-24,2020-09-27,29,0,0
2020,AL,TEX,ARL03,2020-07-24,2020-09-27,30,0,0
2020,AL,TOR,BUF05,2020-08-11,2020-09-27,26,0,0
2020,NL,WAS,WAS11,2020-07-23,2020-09-27,33,0,0
2021,NL,ARI,PHO01,2021-04-09,2021-10-03,81,81,1043010
2021,NL,ATL,ATL03,2021-04-09,2021-10-03,80,79,2299646
2021,AL,BAL,BAL12,2021-04-08,2021-09-30,81,78,793229
2021,AL,BOS,BOS07,2021-04-02,2021-09-26,81,81,1725323
2021,AL,CHA,CHI12,2021-04-08,2021-10-03,80,77,1588553
2021,AL,CHA,DYE01,2021-08-12,2021-08-12,1,1,7832
2021,NL,CHN,CHI11,2021-04-01,2021-09-26,81,81,1978934
2021,NL,CIN,CIN09,2021-04-01,2021-09-27,81,81,1505024
2021,AL,CLE,CLE08,2021-04-05,2021-09-27,80,76,1112536
2021,AL,CLE,WIL02,2021-08-22,2021-08-22,1,1,1832
2021,NL,COL,DEN02,2021-04-01,2021-09-29,81,78,1938645
2021,AL,DET,DET05,2021-04-01,2021-09-27,81,81,1102621
2021,AL,HOU,HOU03,2021-04-08,2021-10-03,81,81,2068509
2021,AL,KCA,KAN06,2021-04-01,2021-10-03,81,81,1159613
2021,AL,LAA,ANA01,2021-04-01,2021-09-26,82,82,1515689
2021,NL,LAN,LOS03,2021-04-09,2021-10-03,81,81,2804693
2021,NL,MIA,MIA02,2021-04-01,2021-10-03,81,81,642617
2021,NL,MIL,MIL06,2021-04-01,2021-09-26,81,81,1824282
2021,AL,MIN,MIN04,2021-04-08,2021-09-30,81,80,1310199
2021,AL,NYA,NYC21,2021-04-01,2021-10-03,81,80,1959854
2021,NL,NYN,NYC20,2021-04-08,2021-09-30,81,73,1511926
2021,AL,OAK,OAK01,2021-04-01,2021-09-26,81,80,701430
2021,NL,PHI,PHI13,2021-04-01,2021-09-26,81,79,1515890
2021,NL,PIT,PIT08,2021-04-08,2021-10-03,81,81,859498
2021,NL,SDN,SAN02,2021-04-01,2021-09-26,81,81,2191950
2021,AL,SEA,SEA03,2021-04-01,2021-10-03,81,81,1215985
2021,NL,SFN,SFO03,2021-04-09,2021-10-03,81,81,1679484
2021,NL,SLN,STL10,2021-04-08,2021-10-03,81,80,2102530
2021,AL,TBA,STP01,2021-04-09,2021-09-26,81,80,761072
2021,AL,TEX,ARL03,2021-04-05,2021-10-03,81,81,2110258
2021,AL,TOR,BUF05,2021-06-01,2021-07-21,23,22,170130
2021,AL,TOR,DUN01,2021-04-08,2021-05-24,21,21,30936
2021,AL,TOR,TOR02,2021-07-30,2021-10-03,36,36,604835
2021,NL,WAS,WAS11,2021-04-06,2021-10-03,81,80,1465543
2022,NL,ARI,PHO01,2022-04-07,2022-09-25,81,81,1605199
2022,NL,ATL,ATL03,2022-04-07,2022-10-02,81,81,3129931
2022,AL,BAL,BAL12,2022-04-11,2022-10-05,81,78,1368367
2022,AL,BOS,BOS07,2022-04-15,2022-10-05,81,81,2625089
2022,AL,CHA,CHI12,2022-04-12,2022-10-05,81,81,2009359
2022,NL,CHN,CHI11,2022-04-07,2022-10-02,81,81,2616780
2022,NL,CIN,CIN09,2022-04-12,2022-10-05,80,79,1387947
2022,NL,CIN,DYE01,2022-08-11,2022-08-11,1,1,7823
2022,AL,CLE,CLE08,2022-04-15,2022-10-05,81,76,1295870
2022,NL,COL,DEN02,2022-04-08,2022-09-25,81,80,2597428
2022,AL,DET,DET05,2022-04-08,2022-10-02,82,80,1575544
2022,AL,HOU,HOU03,2022-04-18,2022-10-05,81,81,2688998
2022,AL,KCA,KAN06,2022-04-07,2022-09-25,81,80,1277686
2022,AL,LAA,ANA01,2022-04-07,2022-10-02,81,81,2457461
2022,NL,LAN,LOS03,2022-04-14,2022-10-05,81,81,3861408
2022,NL,MIA,MIA02,2022-04-14,2022-10-05,81,81,907487
2022,NL,MIL,MIL06,2022-04-14,2022-10-05,81,80,2422420
2022,AL,MIN,MIN04,2022-04-08,2022-09-29,81,80,1801128
2022,AL,NYA,NYC21,2022-04-08,2022-10-02,81,78,3136207
2022,NL,NYN,NYC20,2022-04-15,2022-10-05,81,77,2564737
2022,AL,OAK,OAK01,2022-04-18,2022-10-05,80,79,787902
2022,NL,PHI,PHI13,2022-04-08,2022-09-25,81,80,2276736
2022,NL,PIT,PIT08,2022-04-12,2022-10-05,81,81,1257458
2022,NL,SDN,SAN02,2022-04-14,2022-10-05,81,81,2987470
2022,AL,SEA,SEA03,2022-04-15,2022-10-05,81,80,2287267
2022,NL,SFN,SFO03,2022-04-08,2022-10-02,81,81,2482686
2022,NL,SLN,STL10,2022-04-07,2022-10-02,81,81,3320551
2022,AL,TBA,STP01,2022-04-08,2022-09-25,81,81,1128127
2022,AL,TEX,ARL03,2022-04-11,2022-10-05,81,81,2011361
2022,AL,TOR,TOR02,2022-04-08,2022-10-02,81,81,2653830
2022,NL,WAS,WAS11,2022-04-07,2022-10-02,81,81,2026401
2023,NL,ARI,PHO01,2023-04-06,2023-10-01,81,81,1961182
2023,NL,ATL,ATL03,2023-04-06,2023-10-01,81,81,3191505
2023,AL,BAL,BAL12,2023-04-07,2023-10-01,81,81,1936798
2023,AL,BOS,BOS07,2023-03-30,2023-09-27,81,81,2672130
2023,AL,CHA,CHI12,2023-04-03,2023-10-01,81,78,1669628
2023,NL,CHN,CHI11,2023-03-30,2023-09-24,81,81,2775149
2023,NL,CIN,CIN09,2023-03-30,2023-09-24,81,81,2038302
2023,AL,CLE,CLE08,2023-04-07,2023-09-27,81,78,1834068
2023,NL,COL,DEN02,2023-04-06,2023-10-01,81,81,2607935
2023,AL,DET,DET05,2023-04-06,2023-10-01,81,77,1612876
2023,AL,HOU,HOU03,2023-03-30,2023-09-24,81,81,3052347
2023,AL,KCA,KAN06,2023-03-30,2023-10-01,81,81,1307052
2023,AL,LAA,ANA01,2023-04-07,2023-10-01,81,81,2640575
2023,NL,LAN,LOS03,2023-03-30,2023-09-24,81,81,3837079
2023,NL,MIA,MIA02,2023-03-30,2023-09-24,81,81,1162819
2023,NL,MIL,MIL06,2023-04-03,2023-10-01,81,81,2551347
2023,AL,MIN,MIN04,2023-04-07,2023-09-28,81,81,1974124
2023,AL,NYA,NYC21,2023-03-30,2023-09-25,81,80,3269016
2023,NL,NYN,NYC20,2023-04-07,2023-10-01,81,78,2573555
2023,AL,OAK,OAK01,2023-03-30,2023-09-24,81,81,832352
2023,NL,PHI,PHI13,2023-04-07,2023-09-28,81,80,3052605
2023,NL,PIT,PIT08,2023-04-07,2023-10-01,81,81,1630624
2023,NL,SDN,MEX02,2023-04-29,2023-04-30,2,2,39244
2023,NL,SDN,SAN02,2023-03-30,2023-09-24,79,79,3232310
2023,AL,SEA,SEA03,2023-03-30,2023-10-01,81,81,2690418
2023,NL,SFN,SFO03,2023-04-07,2023-10-01,81,81,2500153
2023,NL,SLN,LON01,2023-06-24,2023-06-25,2,2,110227
2023,NL,SLN,STL10,2023-03-30,2023-10-01,79,79,3130864
2023,AL,TBA,STP01,2023-03-30,2023-09-24,81,81,1440301
2023,AL,TEX,ARL03,2023-03-30,2023-09-24,81,81,2533044
2023,AL,TOR,TOR02,2023-04-11,2023-10-01,81,81,3021904
2023,NL,WAS,WAS11,2023-03-30,2023-09-24,80,80,1863359
2023,NL,WAS,WIL02,2023-08-20,2023-08-20,1,1,2473
2024,NL,ARI,PHO01,2024-03-28,2024-09-29,81,81,2341876
2024,NL,ATL,ATL03,2024-04-05,2024-09-30,81,80,3011755
2024,AL,BAL,BAL12,2024-03-28,2024-09-22,81,80,2281129
2024,AL,BOS,BOS07,2024-04-09,2024-09-29,81,81,2659949
2024,AL,CHA,CHI12,2024-03-28,2024-09-26,81,77,1380733
2024,NL,CHN,CHI11,2024-04-01,2024-09-29,81,81,2909794
2024,NL,CIN,CIN09,2024-03-28,2024-09-22,81,81,2024178
2024,AL,CLE,CLE08,2024-04-08,2024-09-28,80,79,2056264
2024,NL,COL,DEN02,2024-04-05,2024-09-29,79,79,2500420
2024,NL,COL,MEX02,2024-04-27,2024-04-28,2,2,39775
2024,AL,DET,DET05,2024-04-05,2024-09-29,80,77,1855763
2024,AL,DET,WIL02,2024-08-18,2024-08-18,1,1,2532
2024,AL,HOU,HOU03,2024-03-28,2024-09-25,81,81,2835234
2024,AL,KCA,KAN06,2024-03-28,2024-09-22,81,81,1658347
2024,AL,LAA,ANA01,2024-04-05,2024-09-29,81,81,2577597
2024,NL,LAN,LOS03,2024-03-28,2024-09-26,80,80,3925323
2024,NL,LAN,SEO01,2024-03-21,2024-03-21,1,1,15928
2024,NL,MIA,MIA02,2024-03-28,2024-09-22,81,81,1087455
2024,NL,MIL,MIL06,2024-04-02,2024-09-29,81,81,2537202
2024,AL,MIN,MIN04,2024-04-04,2024-09-29,81,81,1951616
2024,AL,NYA,NYC21,2024-04-05,2024-09-29,81,79,3309838
2024,NL,NYN,LON01,2024-06-08,2024-06-08,1,1,53882
2024,NL,NYN,NYC20,2024-03-29,2024-09-22,80,78,2275417
2024,AL,OAK,OAK01,2024-03-28,2024-09-26,81,80,922286
2024,NL,PHI,LON01,2024-06-09,2024-06-09,1,1,55074
2024,NL,PHI,PHI13,2024-03-29,2024-09-25,80,80,3308638
2024,NL,PIT,PIT08,2024-04-05,2024-09-26,81,81,1720361
2024,NL,SDN,SAN02,2024-03-28,2024-09-22,80,80,3314593
2024,NL,SDN,SEO01,2024-03-20,2024-03-20,1,1,15952
2024,AL,SEA,SEA03,2024-03-28,2024-09-29,81,81,2555813
2024,NL,SFN,SFO03,2024-04-05,2024-09-29,81,80,2647736
2024,NL,SLN,BIR01,2024-06-20,2024-06-20,1,1,8332
2024,NL,SLN,STL10,2024-04-04,2024-09-22,80,80,2869783
2024,AL,TBA,STP01,2024-03-28,2024-09-22,81,81,1337739
2024,AL,TEX,ARL03,2024-03-28,2024-09-22,81,81,2651553
2024,AL,TOR,TOR02,2024-04-08,2024-09-29,81,81,2681236
2024,NL,WAS,WAS11,2024-04-01,2024-09-29,81,81,1967302
2025,NL,ARI,PHO01,2025-03-27,2025-09-25,81,81,2393973
2025,AL,ATH,SAC01,2025-03-31,2025-09-28,81,81,768464
2025,NL,ATL,ATL03,2025-04-04,2025-09-28,81,81,2903167
2025,AL,BAL,BAL12,2025-03-31,2025-09-25,81,80,1803655
2025,AL,BOS,BOS07,2025-04-04,2025-09-28,81,81,2776496
2025,AL,CHA,CHI12,2025-03-27,2025-09-21,81,80,1445738
2025,NL,CHN,CHI11,2025-04-04,2025-09-28,79,79,2933251
2025,NL,CHN,TOK01,2025-03-18,2025-03-19,2,2,84732
2025,NL,CIN,BST01,2025-08-02,2025-08-02,1,1,91032
2025,NL,CIN,CIN09,2025-03-27,2025-09-25,80,80,2079931
2025,AL,CLE,CLE08,2025-04-08,2025-09-28,81,81,2051360
2025,NL,COL,DEN02,2025-04-04,2025-09-21,81,80,2404613
2025,AL,DET,DET05,2025-04-04,2025-09-21,81,81,2413442
2025,AL,HOU,HOU03,2025-03-27,2025-09-21,81,81,2727877
2025,AL,KCA,KAN06,2025-03-27,2025-09-21,81,80,1748801
2025,AL,LAA,ANA01,2025-04-04,2025-09-28,81,81,2615506
2025,NL,LAN,LOS03,2025-03-27,2025-09-21,81,81,4012470
2025,NL,MIA,MIA02,2025-03-27,2025-09-28,81,81,1156777
2025,NL,MIL,MIL06,2025-03-31,2025-09-28,81,81,2650089
2025,AL,MIN,MIN04,2025-04-03,2025-09-21,81,80,1768728
2025,AL,NYA,NYC21,2025-03-27,2025-09-28,81,80,3392659
2025,NL,NYN,NYC20,2025-04-04,2025-09-21,80,80,3182052
2025,NL,NYN,WIL02,2025-08-17,2025-08-17,1,1,2518
2025,NL,PHI,PHI13,2025-03-31,2025-09-28,81,81,3375457
2025,NL,PIT,PIT08,2025-04-04,2025-09-21,81,81,1525025
2025,NL,SDN,SAN02,2025-03-27,2025-09-28,81,81,3437201
2025,AL,SEA,SEA03,2025-03-27,2025-09-28,81,81,2538053
2025,NL,SFN,SFO03,2025-04-04,2025-09-28,81,81,2925823
2025,NL,SLN,STL10,2025-03-27,2025-09-21,81,81,2250007
2025,AL,TBA,TAM02,2025-03-28,2025-09-21,81,81,786750
2025,AL,TEX,ARL03,2025-03-27,2025-09-25,81,81,2397071
2025,AL,TOR,TOR02,2025-03-27,2025-09-28,81,81,2849935
2025,NL,WAS,WAS11,2025-03-27,2025-09-28,81,80,1916768
