year,team_id,bat_strength,pit_strength,def_strength,win_rate,pred_rank,risk_index
2000,LAA,1.2291,-0.5609,-1.0287,0.506,,
2000,ARI,-0.5467,0.9316,0.3604,0.525,,
2000,ATL,-0.1915,1.638,-0.7742,0.586,,
2000,BAL,-0.1783,-1.3683,-0.1965,0.457,,
2000,BOS,-0.5107,1.2204,0.3864,0.525,,
2000,CHA,1.2562,0.2389,-1.0388,0.586,,
2000,CHN,-1.0264,-1.1172,0.8704,0.401,,
2000,CIN,0.2413,1.0185,0.267,0.525,,
2000,CLE,1.5833,-0.1489,2.6628,0.556,,
2000,COL,0.9857,-1.1808,1.3214,0.506,,
2000,DET,-0.0296,0.0872,0.716,0.488,,
2000,MIA,-1.1885,0.4159,-0.6013,0.491,,
2000,HOU,1.5845,-1.4745,-1.2624,0.444,,
2000,KCA,-0.2515,-1.6319,0.883,0.475,,
2000,LAN,-0.2965,1.5254,-1.1397,0.531,,
2000,MIL,-1.5214,0.3133,0.0003,0.451,,
2000,MIN,-1.0813,-0.8851,0.6217,0.426,,
2000,WAS,-0.6937,-0.8501,-1.0585,0.414,,
2000,NYA,0.6369,0.0294,0.1019,0.54,,
2000,NYN,-0.1616,1.3873,-0.2544,0.58,,
2000,ATH,1.0125,0.443,-1.1062,0.565,,
2000,PHI,-1.5232,-0.0482,0.73,0.401,,
2000,PIT,-0.5563,-0.3965,-0.7992,0.426,,
2000,SDN,-1.4246,0.573,-1.5133,0.469,,
2000,SEA,0.5933,0.5462,0.9493,0.562,,
2000,SFN,1.4835,1.2786,1.3447,0.599,,
2000,SLN,0.8505,0.8476,0.0532,0.586,,
2000,TBA,-1.5454,-0.2052,-0.0436,0.429,,
2000,TEX,0.4541,-1.7083,-1.3768,0.438,,
2000,TOR,0.8161,-0.9184,0.9255,0.512,,
2001,LAA,-0.7363,0.4337,0.609,0.463,,
2001,ARI,0.6659,1.0698,1.7867,0.568,,
2001,ATL,-0.6318,1.6305,0.581,0.543,,
2001,BAL,-1.6522,-0.5522,-0.9608,0.391,,
2001,BOS,0.4052,0.4806,-0.1645,0.509,,
2001,CHA,0.7363,-0.2606,-0.3274,0.512,,
2001,CHN,0.2088,0.776,-0.0224,0.543,,
2001,CIN,-0.4116,-0.7074,-1.5663,0.407,,
2001,CLE,1.348,-0.448,0.2876,0.562,,
2001,COL,2.1712,-1.7226,1.0443,0.451,,
2001,DET,-0.7873,-1.1558,-1.1177,0.407,,
2001,MIA,-0.2547,0.1885,0.5833,0.469,,
2001,HOU,1.1017,0.0665,0.1821,0.574,,
2001,KCA,-0.8561,-0.8852,-0.1523,0.401,,
2001,LAN,-0.2865,0.3365,-0.3156,0.531,,
2001,MIL,-0.3816,-0.4521,0.6478,0.42,,
2001,MIN,0.3235,-0.1861,0.1211,0.525,,
2001,WAS,-1.2133,-0.5338,0.1804,0.42,,
2001,NYA,0.2884,0.7565,0.0757,0.594,,
2001,NYN,-1.3486,0.6762,0.639,0.506,,
2001,ATH,0.7058,1.6474,-0.627,0.63,,
2001,PHI,-0.4205,0.5145,1.3259,0.531,,
2001,PIT,-1.4483,-1.2339,-1.2661,0.383,,
2001,SDN,-0.6561,-0.2026,-2.2159,0.488,,
2001,SEA,1.2964,1.7403,1.8444,0.716,,
2001,SFN,1.2031,0.4456,-0.3161,0.556,,
2001,SLN,0.5856,0.9152,0.1155,0.574,,
2001,TBA,-1.4126,-1.0578,-2.0241,0.383,,
2001,TEX,1.5551,-2.5513,-0.1661,0.451,,
2001,TOR,-0.0972,0.2718,1.2184,0.494,,
2002,LAA,0.7993,1.0484,1.0872,0.611,,
2002,ARI,0.6739,0.6278,0.9021,0.605,,
2002,ATL,-0.2071,2.0238,-0.1201,0.631,,
2002,BAL,-1.1139,-0.3163,0.9808,0.414,,
2002,BOS,1.293,0.932,0.1879,0.574,,
2002,CHA,1.2268,-0.514,0.4658,0.5,,
2002,CHN,-0.4233,-0.0478,-0.5342,0.414,,
2002,CIN,-0.2814,-0.0161,-0.5305,0.481,,
2002,CLE,-0.4549,-1.1064,-0.3573,0.457,,
2002,COL,0.3743,-1.6396,-0.2551,0.451,,
2002,DET,-2.1153,-1.1605,-1.9247,0.342,,
2002,MIA,-0.2365,-0.144,0.099,0.488,,
2002,HOU,0.2323,0.4879,1.3624,0.519,,
2002,KCA,-0.814,-1.6473,-1.1912,0.383,,
2002,LAN,-0.5685,1.0395,1.0249,0.568,,
2002,MIL,-1.1443,-0.8383,0.1923,0.346,,
2002,MIN,0.6663,0.2775,1.6892,0.584,,
2002,WAS,0.1459,0.5377,-1.5169,0.512,,
2002,NYA,1.9142,0.6969,-1.1984,0.64,,
2002,NYN,-0.9377,0.6636,-2.0407,0.466,,
2002,ATH,0.7289,1.0469,0.4549,0.636,,
2002,PHI,0.4174,0.204,1.1265,0.497,,
2002,PIT,-1.4748,0.0789,-0.2593,0.447,,
2002,SDN,-1.4023,-0.6491,-1.1232,0.407,,
2002,SEA,0.6637,0.3687,0.9631,0.574,,
2002,SFN,1.2055,1.2898,0.9279,0.59,,
2002,SLN,0.4705,1.0214,0.2715,0.599,,
2002,TBA,-1.3617,-1.7839,-1.1332,0.342,,
2002,TEX,1.4322,-1.5566,0.4814,0.444,,
2002,TOR,0.2916,-0.9248,-0.0323,0.481,,
2003,LAA,-0.2624,0.2033,-0.1923,0.475,,
2003,ARI,-0.1907,0.9536,-0.0436,0.519,,
2003,ATL,1.6898,0.5178,-0.6601,0.623,,
2003,BAL,-0.6095,-0.6133,0.0498,0.438,,
2003,BOS,2.3221,-0.1537,-0.3887,0.586,,
2003,CHA,0.5515,0.3943,0.6339,0.531,,
2003,CHN,-0.356,0.9806,0.0083,0.543,,
2003,CIN,-0.9954,-1.1721,-2.1117,0.426,,
2003,CLE,-0.8874,0.3327,-1.0645,0.42,,
2003,COL,0.855,-1.4191,-0.6013,0.457,,
2003,DET,-1.8994,-1.5591,-1.8104,0.265,,
2003,MIA,-0.0124,0.6131,1.6097,0.562,,
2003,HOU,0.3181,0.9099,0.6842,0.537,,
2003,KCA,0.2242,-1.1225,-0.1441,0.512,,
2003,LAN,-1.994,2.1216,-0.622,0.525,,
2003,MIL,-0.1473,-1.0645,-0.5635,0.42,,
2003,MIN,0.4424,-0.0105,0.9958,0.556,,
2003,WAS,-0.6497,0.6617,0.2452,0.512,,
2003,NYA,1.3365,0.6287,-0.574,0.623,,
2003,NYN,-1.59,-0.1605,-0.9028,0.41,,
2003,ATH,-0.2592,1.3076,0.005,0.593,,
2003,PHI,0.1924,0.5839,0.5289,0.531,,
2003,PIT,0.1054,-0.4205,-0.8648,0.463,,
2003,SDN,-0.7873,-0.8027,0.1233,0.395,,
2003,SEA,0.0046,1.0921,2.3133,0.574,,
2003,SFN,0.2227,1.1504,1.5359,0.621,,
2003,SLN,1.1983,-0.3683,1.7586,0.525,,
2003,TBA,-0.7182,-0.8999,0.0205,0.389,,
2003,TEX,0.7107,-2.1913,0.6907,0.438,,
2003,TOR,1.1853,-0.4933,-0.6592,0.531,,
2004,LAA,0.2082,0.3963,0.7808,0.568,,
2004,ARI,-1.7093,-1.1072,-1.8869,0.315,,
2004,ATL,0.4023,1.5416,-0.4519,0.593,,
2004,BAL,0.3888,-0.5136,-0.2091,0.481,,
2004,BOS,1.9907,0.5903,-0.7148,0.605,,
2004,CHA,0.7784,-0.9592,0.2803,0.512,,
2004,CHN,0.6779,1.3752,1.103,0.549,,
2004,CIN,-0.3927,-1.5992,-0.463,0.469,,
2004,CLE,0.9333,-0.7517,0.0459,0.494,,
2004,COL,1.0675,-2.2969,1.0586,0.42,,
2004,DET,0.667,-0.986,-2.1606,0.444,,
2004,MIA,-0.7582,0.7952,1.0565,0.512,,
2004,HOU,0.4391,0.8865,0.2076,0.568,,
2004,KCA,-1.2256,-1.4973,-1.5943,0.358,,
2004,LAN,-0.2206,0.9883,1.8964,0.574,,
2004,MIL,-1.5635,0.4382,-0.7526,0.416,,
2004,MIN,0.0178,0.9109,0.3397,0.568,,
2004,WAS,-1.6394,0.2962,0.4105,0.414,,
2004,NYA,1.3727,-0.4748,0.278,0.623,,
2004,NYN,-1.041,0.7892,-1.6867,0.438,,
2004,ATH,0.3779,0.6338,1.0231,0.562,,
2004,PHI,0.734,-0.0005,1.4268,0.531,,
2004,PIT,-1.1501,0.335,0.1194,0.447,,
2004,SDN,-0.1845,0.9415,-0.224,0.537,,
2004,SEA,-1.0051,-0.6316,-0.0087,0.389,,
2004,SFN,0.9314,0.2672,0.3604,0.562,,
2004,SLN,1.1792,1.5486,0.6643,0.648,,
2004,TBA,-1.0686,-0.7597,-1.0346,0.435,,
2004,TEX,0.6693,-0.1672,-0.6039,0.549,,
2004,TOR,-0.8769,-0.9889,0.74,0.416,,
2005,ARI,0.162,-1.0011,0.8721,0.475,,
2005,ATL,0.6561,0.542,1.4721,0.556,,
2005,BAL,0.424,-0.4688,-0.4374,0.457,,
2005,BOS,2.1873,-0.7794,-0.6779,0.586,,
2005,CHA,-0.0601,1.1916,0.7917,0.611,,
2005,CHN,0.5396,0.1761,0.0729,0.488,,
2005,CIN,1.2687,-1.5329,-0.3027,0.451,,
2005,CLE,1.3476,1.1999,-0.2958,0.574,,
2005,COL,-0.1778,-1.4693,-1.3301,0.414,,
2005,DET,0.02,-0.3918,-0.4819,0.438,,
2005,MIA,-0.0186,0.1879,-0.0784,0.512,,
2005,HOU,-0.6537,1.3534,1.1112,0.549,,
2005,KCA,-1.1572,-2.2016,-2.0269,0.346,,
2005,LAA,-0.5282,1.0787,1.1361,0.586,,
2005,LAN,-0.965,-0.1522,-0.2887,0.438,,
2005,MIL,0.1747,0.5474,-1.6869,0.5,,
2005,MIN,-1.2333,0.9931,0.2326,0.512,,
2005,NYA,1.9543,-0.4193,0.5634,0.586,,
2005,NYN,-0.402,0.9073,-0.3532,0.512,,
2005,ATH,-0.4119,1.0386,1.1577,0.543,,
2005,PHI,0.8061,0.1397,0.8875,0.543,,
2005,PIT,-0.9256,-0.2481,-1.0178,0.414,,
2005,SDN,-0.8616,0.2853,-0.7006,0.506,,
2005,SEA,-1.4183,-0.3371,1.1508,0.426,,
2005,SFN,-1.2139,-0.095,0.9498,0.463,,
2005,SLN,0.4538,1.408,0.5551,0.617,,
2005,TBA,0.1642,-1.9244,-2.2559,0.414,,
2005,TEX,1.7071,-1.1735,-0.466,0.488,,
2005,TOR,-0.3818,0.4064,0.7131,0.494,,
2005,WAS,-1.4564,0.7392,0.7343,0.5,,
2006,ARI,-0.525,0.0999,0.0773,0.469,,
2006,ATL,0.9405,-0.1646,0.1552,0.488,,
2006,BAL,-0.2173,-2.0354,-0.1092,0.432,,
2006,BOS,0.7064,-0.7353,2.292,0.531,,
2006,CHA,1.5318,-0.2119,0.7919,0.556,,
2006,CHN,-1.1042,-0.5229,-0.4427,0.407,,
2006,CIN,0.0106,-0.0075,-1.6648,0.494,,
2006,CLE,1.518,0.2386,-1.034,0.481,,
2006,COL,0.24,-0.3172,0.8738,0.469,,
2006,DET,0.3712,1.6688,-0.0772,0.586,,
2006,MIA,-0.0857,0.3925,-1.6039,0.481,,
2006,HOU,-1.1122,1.0761,1.5485,0.506,,
2006,KCA,-1.0084,-2.8247,0.2237,0.383,,
2006,LAA,-0.3813,1.2096,-1.4577,0.549,,
2006,LAN,0.5084,0.7444,-0.5669,0.543,,
2006,MIL,-0.8701,-0.7416,-1.0715,0.463,,
2006,MIN,0.132,1.4261,1.1358,0.593,,
2006,NYA,2.259,0.2542,-0.1696,0.599,,
2006,NYN,0.4581,0.9189,-0.0626,0.599,,
2006,ATH,-0.6576,0.7739,1.15,0.574,,
2006,PHI,1.0438,-0.1995,-0.0157,0.525,,
2006,PIT,-1.8169,-0.0442,0.0149,0.414,,
2006,SDN,-0.7894,1.6036,0.652,0.543,,
2006,SEA,-0.7624,-0.1688,0.8878,0.481,,
2006,SFN,-0.8879,-0.2728,0.6009,0.472,,
2006,SLN,0.0203,-0.0239,0.3605,0.516,,
2006,TBA,-1.409,-1.0838,-1.0129,0.377,,
2006,TEX,0.6463,-0.1973,0.3314,0.494,,
2006,TOR,1.7353,0.3859,0.2231,0.537,,
2006,WAS,-0.4945,-1.2411,-2.0301,0.438,,
2007,ARI,-0.7856,0.8244,-0.4348,0.556,,
2007,ATL,0.5102,0.885,-0.4213,0.519,,
2007,BAL,-0.4001,-1.7255,1.3705,0.426,,
2007,BOS,1.5306,1.4757,1.1035,0.593,,
2007,CHA,-1.1619,-0.7233,-0.6028,0.444,,
2007,CHN,-0.1201,1.0447,0.2605,0.525,,
2007,CIN,0.4412,-1.1633,0.1847,0.444,,
2007,CLE,0.4149,1.0177,0.6033,0.593,,
2007,COL,1.0698,0.3831,2.2671,0.552,,
2007,DET,1.4214,-0.2628,0.0415,0.543,,
2007,MIA,0.8427,-1.1679,-2.6174,0.438,,
2007,HOU,-0.5213,-0.5485,-0.1018,0.451,,
2007,KCA,-1.5581,-0.0668,-0.5441,0.426,,
2007,LAA,0.1188,0.5999,-0.2251,0.58,,
2007,LAN,-0.5017,0.6608,-0.9015,0.506,,
2007,MIL,0.8583,0.0768,-0.7458,0.512,,
2007,MIN,-1.2045,0.7182,0.2432,0.488,,
2007,NYA,2.2773,-0.0567,0.7219,0.58,,
2007,NYN,0.5302,0.4969,-0.2023,0.543,,
2007,ATH,-0.4308,0.4206,0.6798,0.469,,
2007,PHI,1.7241,-0.7028,0.8076,0.549,,
2007,PIT,-0.7149,-1.1347,1.1619,0.42,,
2007,SDN,-0.8288,1.825,0.7312,0.546,,
2007,SEA,0.1216,-0.7135,0.6095,0.543,,
2007,SFN,-1.5963,0.6715,0.8053,0.438,,
2007,SLN,-0.4934,-0.4747,-1.3805,0.481,,
2007,TBA,0.3648,-2.568,-1.3061,0.407,,
2007,TEX,-0.1299,-0.6875,-1.5011,0.463,,
2007,TOR,-0.3899,1.1486,0.0839,0.512,,
2007,WAS,-1.389,-0.2528,-0.691,0.451,,
2008,ARI,-0.2208,0.7459,-1.1503,0.506,,
2008,ATL,0.1254,-0.3154,-0.4075,0.444,,
2008,BAL,0.4073,-1.8402,-0.1387,0.422,,
2008,BOS,1.7322,0.6929,0.9506,0.586,,
2008,CHA,0.9484,0.4876,-0.4894,0.546,,
2008,CHN,1.4833,1.0095,-0.2264,0.602,,
2008,CIN,-0.6346,-0.4983,-1.1876,0.457,,
2008,CLE,0.4229,-0.2989,0.3749,0.5,,
2008,COL,0.0625,-0.9851,0.4036,0.457,,
2008,DET,1.089,-1.2974,-1.0136,0.457,,
2008,MIA,0.3047,-0.2546,-1.5289,0.522,,
2008,HOU,-0.362,-0.1413,2.1989,0.534,,
2008,KCA,-0.9843,-0.3918,0.0995,0.463,,
2008,LAA,-0.2006,0.7237,0.5884,0.617,,
2008,LAN,-0.5387,1.4325,0.0377,0.519,,
2008,MIL,0.2317,1.0116,-0.0455,0.556,,
2008,MIN,-0.0232,0.3312,-0.544,0.54,,
2008,NYA,0.6144,0.0944,1.0695,0.549,,
2008,NYN,0.3644,0.5565,1.1039,0.549,,
2008,ATH,-1.9418,0.6922,-0.0538,0.466,,
2008,PHI,0.6463,0.9621,0.7094,0.568,,
2008,PIT,-0.8037,-1.7178,-0.309,0.414,,
2008,SDN,-1.3053,-0.1812,1.017,0.389,,
2008,SEA,-1.2969,-0.8965,-0.0275,0.377,,
2008,SFN,-1.4231,-0.1117,-0.1022,0.444,,
2008,SLN,1.054,0.2717,1.1917,0.531,,
2008,TBA,0.412,1.1333,0.5155,0.599,,
2008,TEX,2.0578,-2.3201,-2.3077,0.488,,
2008,TOR,-0.5704,1.8579,1.126,0.531,,
2008,WAS,-1.6509,-0.7526,-1.8545,0.366,,
2009,ARI,-0.2573,-0.2648,-1.8069,0.432,,
2009,ATL,-0.1933,1.7298,0.1113,0.531,,
2009,BAL,-0.1007,-1.94,0.3402,0.395,,
2009,BOS,1.7084,-0.0684,0.6785,0.586,,
2009,CHA,-0.3062,0.3855,-1.0688,0.488,,
2009,CHN,-0.3679,1.1133,-0.6554,0.516,,
2009,CIN,-1.1938,0.3374,0.4236,0.481,,
2009,CLE,0.178,-1.7246,-0.1004,0.401,,
2009,COL,1.0272,0.2033,0.6489,0.568,,
2009,DET,-0.0987,-0.0397,0.4738,0.528,,
2009,MIA,0.1719,0.0131,-0.8361,0.537,,
2009,HOU,-0.9612,-0.5076,1.1521,0.457,,
2009,KCA,-0.822,-1.1637,-1.4953,0.401,,
2009,LAA,1.2723,-0.2981,0.6651,0.599,,
2009,LAN,0.2212,2.0999,0.8412,0.586,,
2009,MIL,0.5225,-1.1951,-0.2247,0.494,,
2009,MIN,0.7178,-0.3988,1.2096,0.534,,
2009,NYA,2.7492,0.11,0.4942,0.636,,
2009,NYN,-0.6489,-0.3185,-0.2245,0.432,,
2009,ATH,-0.7652,0.0774,-0.6273,0.463,,
2009,PHI,0.9472,0.3768,1.2096,0.574,,
2009,PIT,-1.3958,-0.6232,1.4772,0.385,,
2009,SDN,-1.5128,-0.1147,0.0543,0.463,,
2009,SEA,-1.0734,1.0436,-0.6849,0.525,,
2009,SFN,-1.6008,1.7784,0.3707,0.543,,
2009,SLN,-0.0998,1.5317,0.1834,0.562,,
2009,TBA,0.9856,-0.0759,-0.3349,0.519,,
2009,TEX,0.4336,-0.1404,-0.7213,0.537,,
2009,TOR,0.7016,-0.3271,1.3446,0.463,,
2009,WAS,-0.2383,-1.5998,-2.8978,0.364,,
2010,ARI,0.3444,-1.7432,-0.1433,0.401,,
2010,ATL,0.3318,1.226,-1.2476,0.562,,
2010,BAL,-0.7217,-1.2273,-0.2908,0.407,,
2010,BOS,1.7202,-0.273,-0.56,0.549,,
2010,CHA,0.659,-0.0314,-0.0692,0.543,,
2010,CHN,-0.1876,-0.3831,-1.5148,0.463,,
2010,CIN,1.2878,0.1474,1.6432,0.562,,
2010,CLE,-0.774,-0.5146,-0.3478,0.426,,
2010,COL,0.9007,-0.1358,0.0712,0.512,,
2010,DET,0.6233,-0.5234,-0.4042,0.5,,
2010,MIA,-0.1172,-0.026,-1.3964,0.494,,
2010,HOU,-1.7417,-0.0192,-0.1536,0.469,,
2010,KCA,0.0686,-2.1416,-1.1874,0.414,,
2010,LAA,-0.7286,0.0932,-0.7232,0.494,,
2010,LAN,-0.7592,0.1615,0.1282,0.494,,
2010,MIL,0.8489,-1.2219,-0.1208,0.475,,
2010,MIN,0.9513,0.3087,1.3772,0.58,,
2010,NYA,1.6032,0.0461,1.7342,0.586,,
2010,NYN,-0.8521,0.8459,0.8425,0.488,,
2010,ATH,-0.7079,1.1952,0.151,0.5,,
2010,PHI,0.484,0.9553,1.0904,0.599,,
2010,PIT,-1.3947,-2.2153,-1.536,0.352,,
2010,SDN,-1.0832,1.6226,1.6622,0.556,,
2010,SEA,-2.5055,0.3171,-0.4906,0.377,,
2010,SFN,0.0441,1.7226,1.5169,0.568,,
2010,SLN,0.1539,1.2214,0.3586,0.531,,
2010,TBA,0.2209,0.7163,0.8213,0.593,,
2010,TEX,0.8061,0.3558,-0.3172,0.556,,
2010,TOR,1.0655,-0.3548,0.5542,0.525,,
2010,WAS,-0.5406,-0.1241,-1.4484,0.426,,
2011,ARI,0.3975,0.3373,0.7106,0.58,,
2011,ATL,-0.5756,1.0554,1.3375,0.549,,
2011,BAL,0.2371,-2.2466,-0.5369,0.426,,
2011,BOS,2.1865,-0.5872,0.5409,0.556,,
2011,CHA,-0.3097,-0.3569,1.5393,0.488,,
2011,CHN,-0.0984,-0.9152,-2.2921,0.438,,
2011,CIN,0.3507,-0.491,0.8675,0.488,,
2011,CLE,-0.1305,-0.685,-0.4729,0.494,,
2011,COL,0.4806,-1.1378,0.3585,0.451,,
2011,DET,1.3106,-0.2291,-0.1207,0.586,,
2011,MIA,-0.319,-0.0187,0.5098,0.444,,
2011,HOU,-0.8425,-1.3001,-1.0015,0.346,,
2011,KCA,0.5937,-1.1548,0.5041,0.438,,
2011,LAA,-0.1125,0.8621,0.6971,0.531,,
2011,LAN,-0.5374,0.8753,0.9189,0.509,,
2011,MIL,0.7461,0.7005,-0.7037,0.593,,
2011,MIN,-1.2808,-1.4992,-1.2661,0.389,,
2011,NYA,1.6548,0.4839,-0.0719,0.599,,
2011,NYN,0.1536,-0.5637,-0.8703,0.475,,
2011,ATH,-0.9469,0.535,-1.6161,0.457,,
2011,PHI,-0.0444,2.12,1.8693,0.63,,
2011,PIT,-1.0367,-0.2406,-0.5194,0.444,,
2011,SDN,-1.5903,1.1875,0.5569,0.438,,
2011,SEA,-1.9022,0.0721,-0.4933,0.414,,
2011,SFN,-1.158,1.6966,-0.0714,0.531,,
2011,SLN,1.1295,0.3639,-0.6768,0.556,,
2011,TBA,0.1213,0.8286,1.7842,0.562,,
2011,TEX,1.9453,0.3539,-0.9478,0.593,,
2011,TOR,0.2522,-0.8764,-0.4378,0.5,,
2011,WAS,-0.6746,0.8305,-0.0959,0.497,,
2012,ARI,0.6937,0.1506,0.7991,0.5,,
2012,ATL,-0.4736,1.1993,1.1188,0.58,,
2012,BAL,0.1367,0.243,-0.2188,0.574,,
2012,BOS,0.1867,-1.4094,0.0112,0.426,,
2012,CHA,0.5074,-0.0083,2.2737,0.525,,
2012,CHN,-1.3986,-0.9809,-0.5518,0.377,,
2012,CIN,0.0599,1.347,0.8572,0.599,,
2012,CLE,-0.6003,-1.5409,0.3589,0.42,,
2012,COL,1.3254,-2.3981,-1.6187,0.395,,
2012,DET,1.035,0.4993,-0.1525,0.543,,
2012,HOU,-1.6048,-1.0969,-1.2946,0.34,,
2012,KCA,-0.2382,-0.5604,-0.9476,0.444,,
2012,LAA,1.2711,-0.0021,0.064,0.549,,
2012,LAN,-1.0636,1.3316,0.2404,0.531,,
2012,MIA,-1.0732,-0.1738,-0.1985,0.426,,
2012,MIL,1.1804,-0.4103,0.0062,0.512,,
2012,MIN,-0.2793,-1.5005,-0.3305,0.407,,
2012,NYA,2.0765,0.3265,1.7781,0.586,,
2012,NYN,-0.712,-0.1492,-0.2673,0.457,,
2012,ATH,-0.3174,1.0445,-0.7961,0.58,,
2012,PHI,-0.2492,0.3212,-0.1204,0.5,,
2012,PIT,-0.7925,0.2116,-0.9032,0.488,,
2012,SDN,-0.7764,0.0053,-1.5816,0.469,,
2012,SEA,-1.8699,0.5103,2.1421,0.463,,
2012,SFN,0.002,0.6796,-1.0786,0.58,,
2012,SLN,1.0865,0.6151,-0.2761,0.543,,
2012,TBA,-0.412,1.6492,-0.9631,0.556,,
2012,TEX,1.7473,-0.0038,1.008,0.574,,
2012,TOR,-0.2571,-1.2552,0.0766,0.451,,
2012,WAS,0.8095,1.3556,0.5653,0.605,,
2013,ARI,0.0273,-0.1296,1.0834,0.5,,
2013,ATL,0.2749,1.7089,0.4034,0.593,,
2013,BAL,0.8829,-0.8247,2.0994,0.525,,
2013,BOS,2.4189,0.1795,0.565,0.599,,
2013,CHA,-0.9888,-0.3199,-1.7026,0.389,,
2013,CHN,-0.6267,-0.3216,-0.504,0.407,,
2013,CIN,0.1279,1.1979,0.9255,0.556,,
2013,CLE,0.677,0.1278,-0.504,0.568,,
2013,COL,0.8115,-1.4139,0.2333,0.457,,
2013,DET,1.9736,0.6316,0.8059,0.574,,
2013,HOU,-1.1686,-2.2972,-1.8844,0.315,,
2013,KCA,-0.5981,1.0358,0.2702,0.531,,
2013,LAA,0.879,-0.9291,-1.2505,0.481,,
2013,LAN,0.2557,1.5244,-0.878,0.568,,
2013,MIA,-2.5658,0.3862,0.2662,0.383,,
2013,MIL,-0.1697,0.0747,-1.2736,0.457,,
2013,MIN,-0.6343,-1.7051,0.6568,0.407,,
2013,NYA,-0.9182,-0.1875,1.1971,0.525,,
2013,NYN,-1.2457,0.203,-0.0043,0.457,,
2013,ATH,0.9373,0.7656,-0.5377,0.593,,
2013,PHI,-0.6992,-1.1629,-0.3573,0.451,,
2013,PIT,-0.1312,1.469,-0.4746,0.58,,
2013,SDN,-0.8325,-0.2739,0.5385,0.469,,
2013,SEA,-0.553,-1.1201,0.2446,0.438,,
2013,SFN,-0.3623,-0.3261,-0.9625,0.469,,
2013,SLN,0.5777,1.0869,1.0032,0.599,,
2013,TBA,0.6826,0.3199,1.824,0.564,,
2013,TEX,0.6374,0.59,0.2743,0.558,,
2013,TOR,0.4376,-0.9855,-1.1018,0.457,,
2013,WAS,-0.1073,0.6961,-0.9554,0.531,,
2014,ARI,-0.7349,-1.1711,-0.3687,0.395,,
2014,ATL,-1.1612,0.8221,1.0986,0.488,,
2014,BAL,1.1211,0.7008,1.0374,0.593,,
2014,BOS,-0.5195,-0.6087,0.5694,0.438,,
2014,CHA,0.2803,-1.2649,-0.9155,0.451,,
2014,CHN,-0.5184,-0.4125,-0.4321,0.451,,
2014,CIN,-1.2706,0.3616,2.4578,0.469,,
2014,CLE,0.204,0.3881,-1.803,0.525,,
2014,COL,2.4011,-2.5404,-0.6524,0.407,,
2014,DET,1.8998,-0.6115,-0.501,0.556,,
2014,HOU,-0.2547,-0.9092,-0.7909,0.432,,
2014,KCA,-0.3383,0.5438,-0.8663,0.549,,
2014,LAA,0.9449,0.37,1.3547,0.605,,
2014,LAN,1.2796,0.7748,-0.7495,0.58,,
2014,MIA,-0.1866,-0.1089,0.179,0.475,,
2014,MIL,0.2644,0.1732,-0.1752,0.506,,
2014,MIN,0.4302,-1.9077,-0.1256,0.432,,
2014,NYA,-0.4272,-0.0093,0.2978,0.519,,
2014,NYN,-0.8991,0.5728,-0.6146,0.488,,
2014,ATH,0.0196,1.1892,-1.2749,0.543,,
2014,PHI,-1.1388,-0.144,1.558,0.451,,
2014,PIT,1.1427,0.575,-0.763,0.543,,
2014,SDN,-2.1834,1.0773,-0.5425,0.475,,
2014,SEA,-0.7901,1.3017,1.5023,0.537,,
2014,SFN,-0.0292,0.5488,-0.1579,0.543,,
2014,SLN,-0.3461,0.547,0.9013,0.556,,
2014,TBA,-0.5271,0.4183,0.4962,0.475,,
2014,TEX,-0.3509,-1.7118,-1.391,0.414,,
2014,TOR,1.2152,-0.5959,0.8439,0.512,,
2014,WAS,0.4732,1.6314,-0.1725,0.593,,
2015,ARI,0.6696,-0.1896,0.7568,0.488,,
2015,ATL,-1.8662,-0.9914,0.2069,0.414,,
2015,BAL,0.2598,-0.1951,1.2304,0.5,,
2015,BOS,0.7346,-0.8232,-0.2006,0.481,,
2015,CHA,-1.3711,-0.0434,-0.5372,0.469,,
2015,CHN,-0.0682,1.3257,-1.1306,0.599,,
2015,CIN,-0.597,-0.8449,0.3363,0.395,,
2015,CLE,0.155,0.6234,1.0011,0.503,,
2015,COL,1.0388,-2.3757,0.0968,0.42,,
2015,DET,1.051,-1.4902,0.6138,0.46,,
2015,HOU,1.2014,0.8631,0.6652,0.531,,
2015,KCA,0.5021,0.4991,0.4693,0.586,,
2015,LAA,-0.7438,0.0487,-0.0894,0.525,,
2015,LAN,0.6897,1.1218,1.536,0.568,,
2015,MIA,-1.0873,-0.1597,1.1985,0.438,,
2015,MIL,-0.8322,-0.6908,-1.5965,0.42,,
2015,MIN,-0.6609,-0.2398,0.6181,0.512,,
2015,NYA,0.8869,-0.1494,0.0949,0.537,,
2015,NYN,-0.3677,1.129,0.4913,0.556,,
2015,ATH,-0.5587,-0.4354,-2.3468,0.42,,
2015,PHI,-1.4597,-1.6076,-1.8013,0.389,,
2015,PIT,-0.0862,1.6265,-1.5361,0.605,,
2015,SDN,-1.4307,-0.284,0.0761,0.457,,
2015,SEA,0.0211,-0.4425,0.1439,0.469,,
2015,SFN,0.434,0.5103,1.259,0.519,,
2015,SLN,-0.2252,2.2638,-0.077,0.617,,
2015,TBA,-0.0374,0.493,-0.2997,0.494,,
2015,TEX,0.6827,-0.6407,-1.7601,0.543,,
2015,TOR,2.9737,0.3398,0.4113,0.574,,
2015,WAS,0.092,0.7592,0.1694,0.512,,
2016,ARI,0.4746,-1.98,-0.3331,0.426,,
2016,ATL,-1.1843,-0.6953,-0.4606,0.422,,
2016,BAL,0.7602,-0.0571,0.9756,0.549,,
2016,BOS,2.4907,0.4187,1.2096,0.574,,
2016,CHA,-0.4053,0.1602,-0.0784,0.481,,
2016,CHN,1.1732,2.2893,-0.3366,0.64,,
2016,CIN,-0.5219,-1.5857,-0.5701,0.42,,
2016,CLE,0.6997,0.739,0.4135,0.584,,
2016,COL,1.9262,-1.5983,-0.9232,0.463,,
2016,DET,1.0649,-0.1108,1.2793,0.534,,
2016,HOU,-0.124,0.2783,1.3032,0.519,,
2016,KCA,-0.9318,-0.0468,-0.0421,0.5,,
2016,LAA,-0.4321,-0.1964,-0.3713,0.457,,
2016,LAN,-0.361,1.0718,0.9095,0.562,,
2016,MIA,-0.7812,0.3073,0.4862,0.491,,
2016,MIL,-0.342,0.2065,-2.7806,0.451,,
2016,MIN,-0.0429,-1.9761,-2.1491,0.364,,
2016,NYA,-0.6628,0.0577,0.4968,0.519,,
2016,NYN,-0.2163,1.3528,0.2554,0.537,,
2016,ATH,-1.4032,-0.7116,-0.1567,0.426,,
2016,PHI,-1.888,-0.9894,-0.2912,0.438,,
2016,PIT,-0.1611,-0.0742,-0.9169,0.484,,
2016,SDN,-1.7399,-0.5556,-0.9724,0.42,,
2016,SEA,0.6146,0.4283,0.4166,0.531,,
2016,SFN,-0.3942,1.0992,1.6631,0.537,,
2016,SLN,1.0031,0.2526,-0.6533,0.531,,
2016,TBA,-0.2091,-0.0107,-0.225,0.42,,
2016,TEX,0.5657,-0.4255,-0.0959,0.586,,
2016,TOR,0.5832,0.8765,0.5412,0.549,,
2016,WAS,0.4451,1.4753,1.4067,0.586,,
2017,ARI,0.8056,1.3335,-1.005,0.574,,
2017,ATL,-0.395,-0.6982,-0.1903,0.444,,
2017,BAL,-0.1125,-1.1845,0.0789,0.463,,
2017,BOS,-0.4764,1.2142,-1.0549,0.574,,
2017,CHA,-0.6517,-0.8125,-1.6475,0.414,,
2017,CHN,0.8412,0.7861,0.0824,0.568,,
2017,CIN,0.3788,-1.5636,1.0633,0.42,,
2017,CLE,1.2712,2.0462,1.3044,0.63,,
2017,COL,1.0497,-0.2968,1.5031,0.537,,
2017,DET,-0.0709,-1.9388,0.5271,0.395,,
2017,HOU,2.4642,0.4654,-0.3946,0.623,,
2017,KCA,-0.6447,-0.5273,1.1387,0.494,,
2017,LAA,-1.2781,0.3147,1.0024,0.494,,
2017,LAN,0.7088,1.8949,0.2667,0.642,,
2017,MIA,0.3785,-0.8832,1.6556,0.475,,
2017,MIL,0.0375,0.7048,-1.4918,0.531,,
2017,MIN,0.5923,-0.4649,1.1623,0.525,,
2017,NYA,1.1758,1.1905,-0.1467,0.562,,
2017,NYN,0.1522,-1.2635,0.0213,0.432,,
2017,ATH,0.1668,-0.6057,-2.0595,0.463,,
2017,PHI,-0.8992,-0.3976,0.8839,0.407,,
2017,PIT,-1.5638,0.2542,-0.2401,0.463,,
2017,SDN,-1.9501,-0.6566,-1.4063,0.438,,
2017,SEA,-0.0451,-0.1837,-0.8744,0.481,,
2017,SFN,-2.0541,-0.2705,0.5575,0.395,,
2017,SLN,0.3214,0.6696,0.0948,0.512,,
2017,TBA,-0.3731,0.7254,-0.6019,0.494,,
2017,TEX,-0.0066,-0.6577,-1.0162,0.481,,
2017,TOR,-0.8777,-0.1217,0.2724,0.469,,
2017,WAS,1.0549,0.9272,0.5147,0.599,,
2018,ARI,-0.5936,0.8285,1.2597,0.506,,
2018,ATL,0.4197,0.7848,0.7579,0.556,,
2018,BAL,-1.1253,-2.018,-0.6654,0.29,,
2018,BOS,1.9227,0.7828,0.8851,0.667,,
2018,CHA,-0.7206,-1.3533,-1.3663,0.383,,
2018,CHN,0.4805,0.9891,-0.3861,0.583,,
2018,CIN,0.0517,-0.9741,-0.0294,0.414,,
2018,CLE,1.1457,0.7401,0.503,0.562,,
2018,COL,0.8878,-0.3479,1.2502,0.558,,
2018,DET,-1.4045,-0.8646,-0.2523,0.395,,
2018,HOU,0.8031,2.03,1.739,0.636,,
2018,KCA,-0.8963,-1.5455,0.9523,0.358,,
2018,LAA,-0.0319,0.0033,1.004,0.494,,
2018,LAN,1.39,1.4747,-0.3924,0.564,,
2018,MIA,-2.008,-1.1868,0.5461,0.391,,
2018,MIL,0.582,0.8185,-0.8978,0.589,,
2018,MIN,-0.132,-0.68,-0.2926,0.481,,
2018,NYA,1.578,0.735,-0.182,0.617,,
2018,NYN,-0.7768,0.1565,0.2554,0.475,,
2018,ATH,1.0991,0.6502,0.3775,0.599,,
2018,PHI,-0.6149,0.0135,-1.8166,0.494,,
2018,PIT,-0.0828,0.2902,-0.7795,0.509,,
2018,SDN,-1.4765,-0.5014,-0.345,0.407,,
2018,SEA,-0.1481,0.0544,0.2956,0.549,,
2018,SFN,-1.7739,0.3881,-0.092,0.451,,
2018,SLN,0.0845,0.5853,-2.2895,0.543,,
2018,TBA,0.3704,0.7912,0.4725,0.556,,
2018,TEX,-0.1435,-1.5032,-1.5938,0.414,,
2018,TOR,0.3419,-1.363,-0.5722,0.451,,
2018,WAS,0.7717,0.2215,1.6546,0.506,,
2019,ARI,0.0043,0.4488,0.7958,0.525,,
2019,ATL,0.7355,0.5255,1.2173,0.599,,
2019,BAL,-0.7593,-1.9834,-0.749,0.333,,
2019,BOS,1.1345,-0.3261,0.576,0.519,,
2019,CHA,-0.6759,-0.6791,-1.3194,0.447,,
2019,CHN,0.6089,0.6955,-1.1567,0.519,,
2019,CIN,-0.4837,0.5585,0.317,0.463,,
2019,CLE,-0.0372,1.2195,0.6905,0.574,,
2019,COL,0.5777,-1.8288,0.2697,0.438,,
2019,DET,-1.7555,-1.2788,-0.8975,0.292,,
2019,HOU,2.121,1.4444,1.5484,0.66,,
2019,KCA,-1.1035,-1.189,1.4536,0.364,,
2019,LAA,-0.263,-1.0376,0.2772,0.444,,
2019,LAN,1.2273,1.9038,-0.6311,0.654,,
2019,MIA,-1.9671,-0.3891,0.0495,0.352,,
2019,MIL,0.2388,0.1784,-0.0597,0.549,,
2019,MIN,1.7394,0.556,-0.9073,0.623,,
2019,NYA,1.6675,0.3383,-0.4811,0.636,,
2019,NYN,0.3045,0.4394,-0.1369,0.531,,
2019,ATH,0.429,0.9208,1.0809,0.599,,
2019,PHI,-0.2588,-0.0412,0.084,0.5,,
2019,PIT,-0.3674,-1.1605,-1.5035,0.426,,
2019,SDN,-0.9249,-0.2119,-1.3601,0.432,,
2019,SEA,-0.4117,-0.8336,-2.1873,0.42,,
2019,SFN,-1.4809,0.2174,0.5403,0.475,,
2019,SLN,-0.474,1.1735,1.9868,0.562,,
2019,TBA,-0.0142,1.4223,0.6269,0.593,,
2019,TEX,-0.1629,-0.9911,-0.6691,0.481,,
2019,TOR,-0.5599,-0.4862,0.0555,0.414,,
2019,WAS,0.9115,0.3942,0.4893,0.574,,
2020,ARI,-0.7076,-0.5596,-0.0745,0.417,,
2020,ATL,1.8911,-0.0072,0.2353,0.583,,
2020,BAL,0.2343,-0.0778,-1.0656,0.417,,
2020,BOS,0.7499,-1.6275,-1.2564,0.4,,
2020,CHA,0.822,0.9402,-0.4489,0.583,,
2020,CHN,-0.685,0.6721,0.7844,0.567,,
2020,CIN,-0.4769,0.8179,0.8895,0.517,,
2020,CLE,-1.0041,1.6891,0.773,0.583,,
2020,COL,-0.4546,-1.6412,-0.686,0.433,,
2020,DET,-0.7767,-1.6974,0.6541,0.397,,
2020,HOU,-0.3785,0.2125,2.1278,0.483,,
2020,KCA,-0.5585,0.2288,0.5307,0.433,,
2020,LAA,0.4875,-0.9126,-0.1353,0.433,,
2020,LAN,1.666,2.0755,-0.4291,0.717,,
2020,MIA,-0.7186,-0.5781,-0.6773,0.517,,
2020,MIL,-0.7307,0.4091,-0.0343,0.483,,
2020,MIN,0.0877,1.2757,1.9681,0.6,,
2020,NYA,1.0169,0.1558,-2.0388,0.55,,
2020,NYN,1.3958,-0.8056,0.3509,0.433,,
2020,ATH,-0.4202,0.9924,1.1833,0.6,,
2020,PHI,0.8658,-1.0703,-0.2172,0.467,,
2020,PIT,-1.9775,-0.3277,-1.6548,0.317,,
2020,SDN,1.2117,0.8446,0.2769,0.617,,
2020,SEA,-1.2224,-0.8344,1.6268,0.45,,
2020,SFN,0.9479,-0.2666,-0.9947,0.483,,
2020,SLN,-0.9006,0.7791,-0.0873,0.517,,
2020,TBA,0.2882,1.2929,0.4059,0.667,,
2020,TEX,-1.8239,-0.8092,-0.7953,0.367,,
2020,TOR,0.5485,-0.2514,-0.4341,0.533,,
2020,WAS,0.6225,-0.919,-0.7773,0.433,,
2021,ARI,-1.0795,-1.4381,-1.028,0.321,,
2021,ATL,0.8021,0.6183,1.3557,0.547,,
2021,BAL,-0.6655,-2.5796,0.9647,0.321,,
2021,BOS,1.4932,-0.0079,-1.5795,0.568,,
2021,CHA,0.9231,0.8891,-1.0821,0.574,,
2021,CHN,-0.2482,-0.9973,0.1956,0.438,,
2021,CIN,0.954,-0.2306,-0.1937,0.512,,
2021,CLE,-0.5119,-0.1147,0.075,0.494,,
2021,COL,0.105,-0.9077,1.191,0.46,,
2021,DET,-0.6236,-0.0771,0.4579,0.475,,
2021,HOU,1.6748,0.7695,1.5613,0.586,,
2021,KCA,-0.7629,-0.6077,0.292,0.457,,
2021,LAA,-0.3276,-0.6881,-0.0098,0.475,,
2021,LAN,0.9356,2.0254,-0.1189,0.654,,
2021,MIA,-1.7056,0.513,-2.6501,0.414,,
2021,MIL,-0.4299,1.2633,-0.5378,0.586,,
2021,MIN,0.3007,-0.9184,-1.5016,0.451,,
2021,NYA,0.0501,0.8301,-0.8732,0.568,,
2021,NYN,-0.6675,0.6124,-0.8758,0.475,,
2021,ATH,-0.1512,0.4095,1.181,0.531,,
2021,PHI,-0.0403,-0.1962,-0.465,0.506,,
2021,PIT,-1.6289,-1.3224,1.2883,0.377,,
2021,SDN,-0.1545,0.2825,0.4662,0.488,,
2021,SEA,-1.1952,-0.0474,0.7189,0.556,,
2021,SFN,1.2448,1.6716,0.7812,0.66,,
2021,SLN,-0.082,0.4495,0.3962,0.556,,
2021,TBA,0.6749,0.9767,0.6625,0.617,,
2021,TEX,-1.7346,-0.87,0.44,0.37,,
2021,TOR,2.0643,0.5942,-0.2886,0.562,,
2021,WAS,0.7863,-0.9017,-0.8233,0.401,,
2022,ARI,-0.4528,-0.5034,-0.103,0.457,,
2022,ATL,1.491,0.9185,0.6767,0.623,,
2022,BAL,-0.2895,-0.0052,-0.2889,0.512,,
2022,BOS,0.6656,-1.002,0.069,0.481,,
2022,CHA,-0.2308,0.0649,-1.3932,0.5,,
2022,CHN,-0.223,-0.0988,-0.7275,0.457,,
2022,CIN,-0.8225,-1.5858,0.1831,0.383,,
2022,CLE,-0.2029,0.8863,-0.7697,0.568,,
2022,COL,0.1906,-1.9671,-0.9247,0.42,,
2022,DET,-2.0142,-0.1184,-0.7281,0.407,,
2022,HOU,1.0151,1.9159,0.9674,0.654,,
2022,KCA,-0.5449,-1.3251,0.31,0.401,,
2022,LAA,-0.5104,0.33,0.0882,0.451,,
2022,LAN,1.8795,2.0918,0.1849,0.685,,
2022,MIA,-1.3143,0.1817,1.3454,0.426,,
2022,MIL,0.4893,0.2563,-0.3758,0.531,,
2022,MIN,0.3285,-0.0206,0.0844,0.481,,
2022,NYA,1.2219,1.1879,1.0124,0.611,,
2022,NYN,1.0329,0.6893,1.4118,0.623,,
2022,ATH,-2.1673,-1.0059,-0.468,0.37,,
2022,PHI,0.8904,-0.0075,1.2786,0.537,,
2022,PIT,-1.3912,-1.2279,-2.6624,0.383,,
2022,SDN,-0.1761,0.2881,0.7194,0.549,,
2022,SEA,-0.049,0.6817,1.2374,0.556,,
2022,SFN,-0.0288,0.1944,-0.9545,0.5,,
2022,SLN,1.0707,0.3188,1.7803,0.574,,
2022,TBA,-0.5555,0.9996,0.0928,0.531,,
2022,TEX,-0.2656,-0.4436,-0.6655,0.42,,
2022,TOR,1.463,0.1453,0.1568,0.568,,
2022,WAS,-0.4999,-1.8389,-1.5374,0.34,,
2023,ARI,-0.1048,-0.2801,1.969,0.519,,
2023,ATL,2.8965,0.3728,0.0819,0.642,,
2023,BAL,0.2026,0.8087,0.9919,0.623,,
2023,BOS,0.3773,-0.3473,-1.2581,0.481,,
2023,CHA,-1.5319,-1.0259,-0.9785,0.377,,
2023,CHN,0.4374,0.454,-0.4731,0.512,,
2023,CIN,0.3281,-0.9414,-0.623,0.506,,
2023,CLE,-1.0254,0.6887,0.1041,0.469,,
2023,COL,-0.4993,-2.5471,0.2519,0.364,,
2023,DET,-1.2419,0.1734,-1.105,0.481,,
2023,HOU,0.888,0.7426,0.1762,0.556,,
2023,KCA,-0.8759,-1.5721,0.1825,0.346,,
2023,LAA,0.2379,-0.5748,-0.9355,0.451,,
2023,LAN,1.5962,0.5245,0.5894,0.617,,
2023,MIA,-0.3328,0.229,-0.9798,0.519,,
2023,MIL,-0.7727,1.1428,0.5108,0.568,,
2023,MIN,0.5084,0.8788,1.2054,0.537,,
2023,NYA,-0.8579,0.6897,-0.8072,0.506,,
2023,NYN,-0.2713,0.0743,-0.3615,0.463,,
2023,ATH,-1.6989,-2.1691,-1.5039,0.309,,
2023,PHI,0.8107,0.574,-0.4965,0.556,,
2023,PIT,-0.7152,-0.5256,-0.5178,0.469,,
2023,SDN,0.2231,1.133,0.8194,0.506,,
2023,SEA,0.0,1.1266,0.7838,0.543,,
2023,SFN,-1.0038,0.5925,-2.0397,0.488,,
2023,SLN,0.2025,-0.9403,1.3274,0.438,,
2023,TBA,1.1099,0.8786,0.643,0.611,,
2023,TEX,1.4533,0.1044,1.917,0.556,,
2023,TOR,0.2968,1.0326,0.8672,0.549,,
2023,WAS,-0.6369,-1.2972,-0.3412,0.438,,
2024,ARI,1.8464,-1.2478,2.0546,0.549,,
2024,ATL,0.3763,1.3556,1.5576,0.549,,
2024,BAL,1.1068,0.3088,0.403,0.562,,
2024,BOS,0.8424,0.0639,-2.1035,0.5,,
2024,CHA,-2.59,-1.349,-0.4898,0.253,,
2024,CHN,-0.0188,0.6638,0.7907,0.512,,
2024,CIN,-0.5043,-0.0239,-1.0402,0.475,,
2024,CLE,-0.2275,1.0833,-0.0835,0.571,,
2024,COL,-0.1952,-3.199,0.5288,0.377,,
2024,DET,-0.7232,1.0352,0.5831,0.531,,
2024,HOU,0.8279,0.7478,0.0948,0.547,,
2024,KCA,-0.0356,0.7382,0.1336,0.531,,
2024,LAA,-1.1225,-1.1092,-0.7934,0.389,,
2024,LAN,1.9543,0.3742,-0.1119,0.605,,
2024,MIA,-0.9292,-1.5205,-2.3598,0.383,,
2024,MIL,0.4891,0.9869,-0.2135,0.574,,
2024,MIN,0.4211,-0.4144,1.1815,0.506,,
2024,NYA,1.405,0.7282,-0.5454,0.58,,
2024,NYN,0.645,0.2824,-0.5506,0.549,,
2024,ATH,-0.4692,-0.6679,0.1698,0.426,,
2024,PHI,1.0803,0.5122,0.2371,0.586,,
2024,PIT,-1.0726,-0.2116,-0.3742,0.469,,
2024,SDN,0.9331,0.5061,0.8383,0.574,,
2024,SEA,-0.6661,1.3413,0.4849,0.525,,
2024,SFN,-0.2813,-0.0443,0.1542,0.494,,
2024,SLN,-0.2135,0.0368,1.0919,0.512,,
2024,TBA,-1.1803,0.6853,-0.422,0.494,,
2024,TEX,-0.7064,-0.6733,1.0379,0.481,,
2024,TOR,-0.2296,-0.4886,-0.5201,0.457,,
2024,WAS,-0.7627,-0.5003,-1.7341,0.438,,
2025,ARI,1.1832,-0.5994,-0.0616,0.494,,
2025,ATH,0.9111,-0.9956,-0.5556,0.469,,
2025,ATL,0.0264,-0.3628,1.7897,0.469,,
2025,BAL,-0.6072,-0.8217,-0.379,0.463,,
2025,BOS,0.8036,0.8004,-2.0225,0.549,,
2025,CHA,-1.3315,-0.2217,-1.3491,0.37,,
2025,CHN,0.982,0.6366,1.3779,0.568,,
2025,CIN,-0.3917,0.535,-0.4713,0.512,,
2025,CLE,-1.4924,0.8271,-1.1299,0.543,,
2025,COL,-1.2084,-3.2962,-1.7918,0.265,,
2025,DET,0.3307,0.3385,0.1848,0.537,,
2025,HOU,-0.1403,0.5351,0.6989,0.537,,
2025,KCA,-0.3947,0.7686,1.3188,0.506,,
2025,LAA,-0.7338,-1.3047,-0.9409,0.444,,
2025,LAN,1.5022,0.3729,0.8762,0.574,,
2025,MIA,-0.3394,-0.7827,-0.1754,0.488,,
2025,MIL,0.5191,1.0293,0.3181,0.599,,
2025,MIN,-0.3381,-0.6977,-0.3951,0.432,,
2025,NYA,2.0768,0.4563,-0.7527,0.58,,
2025,NYN,1.0556,0.2151,0.2567,0.512,,
2025,PHI,1.2194,0.662,1.2883,0.593,,
2025,PIT,-1.9314,0.7178,0.2577,0.438,,
2025,SDN,-0.2396,0.9323,0.3724,0.556,,
2025,SEA,0.6644,0.5226,0.869,0.556,,
2025,SFN,-0.6494,0.5738,-0.7582,0.5,,
2025,SLN,-0.7896,-0.2487,0.2618,0.481,,
2025,TBA,-0.1309,0.3927,0.0776,0.475,,
2025,TEX,-1.0677,1.2022,1.9902,0.5,,
2025,TOR,1.2856,-0.0475,-0.3655,0.58,,
2025,WAS,-0.774,-2.1394,-0.7895,0.407,,
